GENDER,DOMAIN,PhD,YEARSEXP,UNIVERSITY,UOC_POSITION,OTHER_POSITION,OTHERSTATUS,USERWIKI,PU1,PU2,PU3,PEU1,PEU2,PEU3,ENJ1,ENJ2,Qu1,Qu2,Qu3,Qu4,Qu5,Vis1,Vis2,Vis3,Im1,Im2,Im3,SA1,SA2,SA3,Use1,Use2,Use3,Use4,Use5,Pf1,Pf2,Pf3,JR1,JR2,BI1,BI2,Inc1,Inc2,Inc3,Inc4,Exp1,Exp2,Exp3,Exp4,Exp5
0,2,1,14,1,2,?,?,0,4,4,3,5,5,3,4,4,3,3,2,2,3,3,3,1,2,4,2,4,4,4,3,1,1,2,4,1,1,3,4,1,2,3,5,5,5,5,4,4,4,1,2
0,5,1,18,1,2,?,?,0,2,3,3,4,4,3,3,4,4,4,3,3,2,3,3,1,1,2,1,4,4,4,2,2,1,1,2,1,1,1,4,3,2,2,4,4,3,4,2,2,4,2,4
0,4,1,13,1,3,?,?,0,2,2,2,4,4,3,3,3,2,2,2,5,3,2,3,2,2,4,3,4,2,4,1,1,1,1,1,3,3,3,4,3,1,1,5,3,5,5,2,2,2,1,3
0,4,0,13,1,3,?,?,0,3,3,4,3,3,3,4,3,3,4,3,3,3,3,4,3,2,2,3,5,5,5,3,3,3,3,3,4,4,4,5,4,3,3,3,4,4,3,4,4,3,3,4
0,6,0,8,1,3,?,?,1,4,3,5,5,4,3,4,4,4,5,4,3,4,4,4,4,3,2,3,5,5,5,3,3,5,5,5,5,5,5,3,3,5,5,5,5,4,4,5,5,5,4,4
0,4,0,17,1,3,?,?,0,2,2,3,5,4,3,3,3,3,3,3,4,4,3,4,4,3,5,3,5,5,5,2,1,3,2,4,4,3,2,4,1,4,4,5,3,2,4,4,3,4,1,4
0,4,0,11,1,3,?,?,0,4,4,4,5,?,5,5,5,4,4,4,2,4,4,4,4,3,5,3,5,5,5,3,4,4,3,5,4,3,3,5,4,3,4,4,4,4,1,4,5,5,2,2
0,6,0,12,1,3,?,?,0,4,4,5,4,3,4,4,3,3,3,3,3,4,3,3,4,4,5,4,5,5,5,1,2,3,3,4,4,3,4,4,4,3,4,3,3,3,3,4,4,3,1,4
0,1,1,14,1,2,?,?,0,4,4,5,4,5,4,5,5,4,4,2,5,3,4,3,4,3,3,3,5,5,4,1,1,4,4,5,1,2,3,3,2,4,3,5,5,4,2,5,5,5,1,1
0,4,1,25,1,2,?,?,0,4,4,4,5,5,?,5,4,4,4,4,2,3,3,?,3,3,5,3,4,5,5,4,1,5,4,5,2,2,4,4,4,5,5,5,5,5,5,4,5,2,1,1
0,4,1,13,1,2,?,?,1,3,3,4,5,4,4,5,4,3,4,3,3,2,3,4,2,2,4,3,5,4,5,2,3,4,3,4,1,2,4,4,3,3,4,3,3,2,4,4,4,4,1,2
0,6,0,25,1,3,?,?,0,5,4,3,5,5,3,5,5,3,5,4,2,3,4,3,1,1,1,3,2,2,3,1,1,1,1,1,1,1,1,1,1,2,2,3,4,4,5,4,4,5,1,1
0,6,1,15,1,2,?,?,0,4,5,5,5,4,3,4,4,4,4,2,2,4,3,4,4,3,4,3,4,2,4,5,5,4,4,4,3,5,5,4,2,4,4,4,5,5,5,4,4,5,1,3
0,6,1,13,1,3,?,?,1,1,1,1,2,1,3,2,2,2,2,?,4,2,2,3,1,2,2,2,1,1,1,2,2,1,1,2,1,1,1,1,2,1,1,1,2,2,3,1,1,1,2,1
0,4,1,15,1,2,?,?,1,4,4,4,3,4,4,5,5,4,5,4,2,4,4,3,4,3,3,3,5,5,4,3,2,4,4,4,4,5,5,4,3,5,5,4,4,4,4,4,4,5,4,4
0,6,1,12,1,2,?,?,0,3,3,3,5,4,?,3,4,3,4,2,4,3,2,3,1,4,5,4,5,5,5,1,1,2,2,3,2,3,3,4,3,1,1,4,5,2,1,2,2,2,1,1
0,4,1,18,1,2,?,?,1,4,4,5,5,4,4,4,5,4,4,5,2,4,4,4,2,3,5,5,5,4,4,1,1,4,4,5,4,5,5,4,3,4,4,4,3,3,4,5,4,5,1,5
0,6,1,20,1,2,?,?,0,4,4,4,5,4,4,5,5,4,4,4,3,3,3,3,2,3,3,2,4,5,4,2,2,2,2,4,5,5,3,4,3,3,3,4,4,4,4,4,5,5,2,4
0,4,0,12,1,4,?,?,1,5,4,4,4,4,4,5,4,4,4,4,2,5,4,4,3,3,4,3,5,5,5,3,2,4,4,4,5,5,4,3,2,4,4,5,5,4,5,4,5,5,3,3
0,6,1,5,1,2,?,?,0,2,2,5,5,5,3,4,4,4,5,4,4,4,3,3,1,2,2,2,5,5,3,1,1,1,1,4,3,3,3,3,3,3,3,2,4,2,3,2,4,4,1,2
0,6,1,10,1,3,?,?,0,4,2,5,5,5,?,5,5,5,5,5,4,4,2,4,5,4,4,4,5,5,5,4,5,5,5,5,5,3,5,5,5,5,5,5,4,4,2,5,5,5,1,5
0,6,1,15,1,2,?,?,0,2,2,3,4,4,3,3,4,4,4,3,2,2,2,2,1,2,3,2,3,2,2,1,1,1,1,4,1,1,1,4,3,2,2,3,4,3,2,3,3,2,1,2
0,1,0,10,1,4,?,?,0,3,2,3,5,4,3,4,4,4,3,2,4,4,4,3,1,2,2,3,4,4,4,2,1,1,1,4,1,2,1,5,4,3,3,5,4,4,3,3,4,4,1,3
0,3,1,15,1,2,?,?,1,4,4,4,5,5,5,5,5,4,4,3,3,3,4,3,3,2,3,3,4,3,4,4,4,4,3,4,2,3,4,5,5,4,4,5,4,5,4,2,4,4,4,2
0,5,1,14,1,2,?,?,1,3,2,3,4,4,4,4,4,3,5,3,4,3,2,2,2,2,2,2,4,2,4,2,1,2,3,3,3,1,2,5,4,3,3,5,5,3,2,3,4,4,2,2
0,6,0,9,1,4,?,?,0,5,5,5,4,4,3,4,4,3,3,3,3,4,4,4,3,4,4,4,5,5,5,3,4,3,3,4,3,4,4,5,4,4,4,5,4,4,4,4,5,2,4,4
0,5,1,6,1,2,?,?,0,2,3,2,5,5,?,5,5,4,5,3,4,3,?,?,2,2,3,2,3,4,4,2,2,2,2,2,2,3,3,5,3,3,3,4,3,4,3,2,3,5,1,1
0,1,1,5,1,3,?,?,0,3,3,4,4,4,3,4,3,3,3,3,3,3,4,3,1,4,4,3,5,5,5,2,1,3,1,4,1,1,1,4,2,3,4,5,5,4,4,3,3,4,2,1
0,6,0,10,1,3,?,?,0,4,3,4,4,3,4,3,3,3,3,4,4,3,4,4,4,4,4,3,4,4,3,3,4,3,4,3,4,4,4,4,3,3,3,4,4,3,4,3,3,4,3,3
0,4,1,10,1,3,?,?,0,2,3,3,4,4,4,5,5,2,4,2,3,3,2,2,1,2,2,2,2,3,3,2,1,2,2,2,3,3,4,2,2,3,2,4,4,4,4,4,5,5,1,4
0,6,1,15,1,2,?,?,0,3,3,3,4,4,3,3,3,2,2,2,2,2,2,2,2,2,2,2,2,2,2,1,1,3,2,2,1,3,2,3,3,2,2,3,3,3,3,2,2,3,1,3
0,1,1,12,1,2,?,?,1,4,4,4,5,5,3,4,4,4,4,4,2,5,5,5,5,2,1,3,5,5,5,5,4,5,5,5,3,2,5,5,2,5,5,3,3,4,5,5,5,5,2,2
0,6,1,10,1,3,?,?,0,4,4,5,3,3,3,3,3,4,4,3,3,4,3,4,4,3,4,2,5,5,5,2,1,3,4,4,4,4,4,5,2,4,4,4,3,3,3,5,5,5,2,4
0,4,1,14,1,2,?,?,1,4,4,4,5,4,3,4,4,4,4,3,3,4,4,3,4,3,4,3,5,4,5,3,3,4,4,4,4,3,3,5,3,4,5,4,4,3,3,4,4,4,3,4
0,6,0,?,1,3,?,?,0,4,4,4,4,4,4,4,4,3,4,3,2,3,2,3,3,2,3,4,5,4,5,2,1,4,4,4,2,3,4,4,4,4,4,4,4,3,3,3,3,3,1,5
0,6,1,10,1,2,?,?,0,3,3,4,5,4,5,4,4,4,3,4,?,4,4,4,2,4,3,4,5,5,5,2,2,3,3,4,4,4,3,5,4,4,4,5,4,4,4,4,4,4,1,2
0,6,0,9,1,4,?,?,0,2,2,2,4,2,2,2,2,2,2,2,4,2,2,2,1,2,2,2,3,2,4,1,1,2,2,2,2,2,1,3,3,2,2,3,3,2,2,2,2,2,1,2
0,1,1,12,1,2,?,?,0,3,2,3,5,4,3,4,4,3,4,3,5,2,3,3,1,3,3,3,4,5,3,2,1,3,3,3,4,3,3,4,4,3,3,4,4,4,2,2,3,4,1,3
0,6,1,14,1,2,?,?,0,3,4,5,4,3,3,4,3,3,4,3,4,3,3,3,2,2,3,3,5,5,5,2,2,4,4,4,3,4,3,4,4,4,4,5,4,4,4,4,5,5,1,2
0,6,1,8,1,5,?,?,?,2,2,2,5,4,?,4,4,3,4,4,3,2,2,?,1,1,1,?,4,3,4,2,1,2,?,1,5,2,?,5,4,1,1,4,4,4,?,4,4,4,1,4
0,1,1,9,1,2,?,?,0,3,2,3,4,3,3,4,3,2,2,2,4,1,3,3,1,2,3,3,3,4,3,1,1,2,2,2,3,2,3,3,3,2,2,3,3,3,3,2,2,4,1,2
0,6,1,18,1,3,?,?,0,3,3,3,4,4,3,4,4,3,4,2,5,2,3,3,1,2,4,2,4,5,5,2,3,2,1,4,2,3,2,4,5,3,2,4,3,4,4,2,2,4,1,3
0,5,1,14,1,2,?,?,0,3,3,3,4,?,2,3,5,2,2,1,5,1,2,1,1,1,5,2,5,5,5,1,1,1,1,1,1,1,1,5,5,1,2,5,1,1,5,1,1,2,1,2
0,1,1,10,1,2,?,?,0,3,3,4,4,4,?,4,3,4,4,4,2,4,?,?,3,2,2,3,4,4,4,4,4,4,4,4,2,2,2,4,2,4,4,4,2,2,4,4,4,2,1,?
0,4,1,7,1,2,?,?,0,4,4,4,3,4,3,4,4,2,3,3,3,3,2,3,2,3,4,2,5,2,4,2,3,3,3,3,4,4,4,4,1,3,3,4,3,3,3,4,3,4,3,3
0,6,1,7,1,2,?,?,0,3,3,3,4,4,3,3,4,4,4,3,3,4,3,3,1,3,3,3,4,4,4,1,1,2,2,3,1,3,2,4,3,3,3,4,3,3,3,2,2,3,1,3
0,6,0,5,1,4,?,?,0,5,4,5,4,5,3,4,3,4,5,5,4,?,3,3,1,3,5,3,5,5,4,1,1,1,1,3,1,1,3,5,3,3,3,2,2,1,2,2,2,4,1,2
0,4,1,11,1,2,?,?,0,3,4,4,5,5,4,5,4,4,4,3,4,4,3,2,2,4,4,4,4,4,4,4,4,4,4,3,2,2,2,4,3,4,3,4,4,?,4,4,4,4,1,2
0,2,1,36,1,1,?,?,0,4,4,4,4,4,3,4,3,4,4,3,3,5,4,3,3,3,3,3,5,5,5,4,3,4,4,4,4,2,4,4,2,4,4,4,3,3,5,4,4,4,1,2
0,4,1,9,1,2,?,?,0,3,3,4,5,4,3,4,4,2,1,1,3,3,4,4,2,3,5,3,5,5,5,1,1,2,2,3,1,2,2,5,2,3,3,4,2,1,4,2,2,3,1,2
0,4,1,7,1,2,?,?,0,3,3,3,5,5,4,2,4,2,4,2,3,2,2,4,1,3,4,3,4,4,4,1,1,3,3,4,1,2,1,4,1,2,2,4,2,4,2,2,2,2,1,5
0,6,1,15,1,3,?,?,0,3,3,2,4,4,2,3,4,2,3,3,4,2,4,3,2,2,4,3,4,4,4,2,2,2,2,3,3,4,3,4,4,2,2,4,4,3,2,2,2,2,1,4
0,5,0,19,1,4,?,?,0,2,3,3,4,4,2,4,4,3,3,2,2,3,2,2,1,2,2,2,4,4,4,2,2,2,2,3,2,2,3,4,3,2,2,3,3,3,3,2,3,3,1,1
0,3,0,4,1,4,?,?,0,2,2,2,3,2,3,4,2,2,2,2,3,2,2,2,2,2,2,2,3,3,3,1,1,2,2,2,2,3,1,4,4,2,2,3,3,3,3,2,2,2,1,2
0,4,1,8,1,2,?,?,0,3,4,4,5,4,4,5,5,4,4,4,3,5,4,4,1,3,5,4,5,5,5,2,1,2,2,5,2,1,4,3,3,3,3,4,4,3,4,4,5,5,1,4
0,4,0,7,1,4,?,?,0,4,3,3,5,4,3,5,5,3,4,2,5,4,3,4,1,3,5,2,5,4,4,1,1,1,1,2,1,1,1,4,1,2,2,2,5,1,5,1,2,4,1,1
0,1,1,10,1,3,?,?,1,2,2,4,5,4,2,3,4,4,4,2,4,1,2,4,1,2,4,3,4,4,2,1,1,4,3,4,1,1,1,4,3,2,4,4,5,3,3,4,5,5,2,3
0,6,1,10,1,3,?,?,0,4,5,4,5,5,4,5,5,4,4,3,2,4,4,3,2,3,4,4,5,4,5,3,4,4,5,4,1,2,2,4,4,5,4,5,4,4,5,5,5,5,1,2
0,6,1,11,1,3,?,?,0,2,3,3,4,4,3,3,3,2,3,2,4,3,3,3,1,2,4,2,5,5,5,2,1,2,2,3,1,1,3,4,4,3,3,3,5,2,3,2,2,2,1,1
0,4,1,5,1,3,?,?,0,2,3,4,3,4,3,4,4,4,4,3,2,3,2,3,2,2,4,2,3,4,4,2,1,2,3,2,2,1,2,3,1,2,3,5,5,5,5,4,4,4,1,3
0,1,0,2,1,5,?,?,0,4,4,5,4,4,5,5,4,3,5,3,2,4,3,3,4,4,5,4,5,5,5,3,3,4,4,4,5,1,3,5,5,3,4,5,2,2,4,4,5,3,2,4
0,6,1,23,1,2,?,?,1,3,3,3,5,4,4,3,4,4,4,3,3,3,4,4,1,2,3,2,4,5,5,2,3,3,3,4,4,3,4,2,2,3,3,4,4,4,4,3,3,4,2,5
0,1,1,17,1,2,?,?,1,4,4,5,5,4,4,3,3,5,5,3,3,4,2,3,5,2,2,2,4,4,4,4,5,5,4,4,5,4,4,3,2,4,5,3,5,3,4,5,5,3,4,4
0,1,0,15,1,3,?,?,0,3,2,3,4,4,3,4,4,3,2,3,4,4,4,3,3,3,?,2,4,4,4,3,2,4,4,4,2,2,2,4,2,4,4,5,5,3,3,4,5,2,1,2
0,6,1,20,1,2,?,?,0,4,3,4,4,3,4,5,5,3,4,3,4,3,4,4,2,2,2,2,4,4,4,3,3,4,3,4,4,4,4,3,2,4,4,4,3,3,4,3,4,4,2,2
0,6,1,20,1,2,?,?,0,5,4,5,4,3,2,4,4,3,4,3,2,4,2,3,3,2,4,3,4,4,5,2,1,4,4,5,1,1,1,4,3,4,5,3,4,3,3,4,4,4,1,1
0,6,1,17,1,2,?,?,0,3,4,4,4,4,3,4,4,4,4,4,2,4,3,3,2,3,4,3,4,4,5,1,1,1,1,3,1,1,1,4,3,3,3,4,4,4,3,2,2,4,1,3
0,4,1,?,1,3,?,?,0,4,4,4,2,3,1,4,3,4,4,4,2,4,3,3,4,4,4,4,4,4,4,4,4,4,4,4,3,4,4,4,1,4,4,3,3,3,5,4,4,4,1,4
0,1,1,23,1,2,?,?,1,5,5,5,5,5,4,5,5,4,4,4,2,5,5,3,4,2,2,4,5,4,4,3,4,4,4,4,3,1,4,2,2,5,5,5,4,3,4,4,5,4,2,4
0,1,1,16,1,2,?,?,0,5,5,5,4,4,4,4,4,4,4,3,2,3,4,3,1,4,3,4,5,5,5,1,4,4,4,4,5,5,3,5,5,5,5,5,5,1,1,5,5,5,1,4
0,6,1,17,1,2,?,?,0,5,4,4,4,4,4,4,4,4,4,3,2,3,3,4,2,3,3,4,4,4,4,2,1,2,2,4,2,3,3,4,2,3,4,4,5,4,3,3,4,4,1,2
0,1,1,13,1,2,?,?,0,3,2,2,2,2,?,3,2,5,4,2,3,4,?,?,2,2,3,?,4,5,5,3,3,4,?,4,4,1,2,4,2,4,4,5,5,5,4,4,5,5,1,1
0,5,1,13,1,2,?,?,1,?,?,?,5,4,3,4,4,3,3,2,5,3,?,?,1,2,5,?,5,5,4,1,1,1,2,3,3,4,4,?,?,?,?,4,4,4,?,2,?,4,2,1
0,3,1,12,1,3,?,?,0,2,3,4,3,4,3,4,4,3,3,3,3,4,3,4,2,2,4,3,4,5,5,2,1,2,2,3,1,4,3,5,5,1,2,1,1,2,1,3,4,4,1,2
0,4,1,17,1,2,?,?,0,2,4,4,4,4,?,3,?,4,4,4,2,?,?,?,3,?,?,?,4,?,?,3,?,3,?,4,1,1,1,?,?,2,?,1,1,1,1,4,4,4,1,4
1,1,1,6,1,2,?,?,0,2,2,2,4,4,3,3,3,2,4,2,3,2,2,3,1,1,1,1,3,3,3,1,1,2,2,3,3,3,2,5,5,3,2,5,5,5,5,2,4,4,1,3
1,6,1,16,1,2,?,?,0,2,4,3,4,4,?,4,4,3,3,4,4,3,?,?,1,2,?,?,4,4,4,2,1,?,?,4,1,3,2,5,2,?,3,4,3,?,4,3,2,2,1,1
1,6,0,17,1,3,?,?,0,2,3,3,4,3,3,3,4,3,3,3,4,2,3,3,1,2,4,3,4,4,4,2,2,2,2,3,1,2,3,4,4,3,3,4,4,4,4,3,3,4,2,2
1,4,1,15,1,3,?,?,0,4,1,4,5,4,4,1,4,2,2,1,2,1,?,3,1,1,3,?,5,2,3,1,1,1,1,2,2,2,3,2,2,2,2,4,4,4,?,3,4,3,1,2
1,6,0,20,1,3,?,?,0,3,3,3,5,4,5,4,4,4,4,4,3,3,3,5,1,2,3,2,4,5,4,1,1,1,1,3,1,1,1,3,3,2,2,4,3,3,1,1,1,4,1,1
1,6,1,18,1,3,?,?,0,2,3,2,4,4,2,3,2,4,3,3,4,3,3,2,1,2,2,1,4,4,5,1,1,1,1,3,4,4,3,3,2,2,3,2,5,4,4,2,3,3,1,1
1,1,1,12,1,3,?,?,0,3,4,3,5,?,2,4,4,4,4,3,3,3,3,2,2,2,3,3,4,4,4,3,2,3,3,3,3,2,1,3,2,3,3,5,5,5,5,4,4,2,2,3
1,6,0,14,1,2,?,?,0,3,2,2,4,4,3,4,4,3,3,4,2,3,3,3,1,2,4,3,5,5,5,1,1,1,1,3,1,2,2,5,3,3,3,3,5,3,5,2,3,5,1,4
1,6,0,3,1,4,?,?,0,2,2,2,5,3,5,5,5,2,3,2,2,2,2,5,1,2,4,1,5,5,4,1,1,1,1,2,2,3,3,5,5,3,3,4,4,4,4,2,2,2,1,5
1,4,1,16,1,3,?,?,0,3,3,3,4,4,3,4,3,3,4,3,3,3,2,3,2,2,4,3,4,3,4,3,2,3,2,3,2,2,3,4,2,4,4,4,4,4,4,4,3,4,2,3
1,6,1,12,1,3,?,?,0,3,3,3,4,4,4,4,4,3,3,3,2,4,4,3,2,2,3,2,5,5,5,2,2,3,3,4,3,3,3,4,3,4,4,4,4,3,3,4,5,5,2,4
1,1,1,16,1,2,?,?,0,3,3,3,5,5,2,4,3,3,3,3,4,2,2,4,2,3,3,3,5,4,4,3,3,4,1,3,1,1,1,3,2,2,4,4,1,1,5,4,5,4,1,3
1,6,1,10,1,2,?,?,0,2,1,3,5,5,4,3,3,4,4,4,3,4,3,3,2,3,4,4,4,4,4,3,2,4,4,4,3,2,3,4,4,4,4,3,3,3,3,4,5,5,2,2
1,6,1,10,1,2,?,?,1,4,3,3,5,5,4,4,4,4,4,4,5,3,2,4,1,2,2,4,5,5,5,2,2,3,3,4,2,4,2,4,1,3,3,2,4,2,1,3,3,4,2,5
1,4,1,20,1,2,?,?,0,2,2,2,5,4,5,3,?,3,3,3,5,3,1,1,2,3,5,5,5,5,5,1,1,1,1,5,1,3,1,5,1,3,3,3,3,3,3,2,4,5,1,2
1,4,1,16,1,3,?,?,1,4,4,4,4,3,3,4,4,4,4,4,3,4,4,4,3,4,4,3,4,4,4,4,4,4,4,4,2,2,2,4,4,4,4,4,4,4,4,4,4,3,3,4
1,6,1,25,1,2,?,?,0,3,3,3,4,5,3,3,3,4,4,2,2,3,3,3,2,2,2,4,4,4,4,3,2,3,3,2,2,2,2,4,3,3,3,4,4,4,4,4,4,4,2,2
1,6,1,11,1,3,?,?,0,2,3,3,5,3,?,3,4,3,3,1,?,3,1,?,1,1,4,4,3,3,5,1,1,1,2,1,1,2,1,4,3,1,1,?,?,3,1,3,3,3,1,2
1,3,1,22,1,2,?,?,0,4,3,3,3,5,3,3,2,4,4,2,3,5,4,3,1,2,4,4,2,2,2,1,3,1,1,4,1,1,1,5,4,3,2,4,5,4,4,1,4,4,1,4
1,6,1,15,1,2,?,?,0,4,4,4,2,5,3,3,4,3,4,3,3,5,5,5,3,3,3,5,5,4,5,4,4,5,4,5,2,5,4,4,4,5,5,5,5,5,5,4,4,4,2,5
1,6,0,6,1,3,?,?,0,3,3,4,5,5,?,5,5,4,5,4,3,4,?,?,1,?,5,?,5,5,5,2,1,1,1,3,1,1,1,5,5,3,3,5,4,5,5,4,4,5,1,1
1,6,1,18,1,2,?,?,0,2,2,3,4,3,4,4,2,2,2,2,2,2,2,2,2,2,4,2,2,5,3,2,?,2,2,2,2,2,2,4,3,3,2,2,2,2,2,4,4,3,2,3
1,6,1,15,1,2,?,?,0,4,3,4,4,4,2,4,3,2,3,2,4,3,2,2,1,2,2,2,4,4,4,1,1,2,1,3,2,2,2,3,3,2,2,4,4,4,2,2,4,4,1,3
1,1,1,9,1,2,?,?,1,4,4,4,4,4,4,3,3,3,3,3,2,3,4,3,1,3,2,3,4,4,5,4,2,4,2,4,2,1,2,4,4,4,4,5,5,5,5,4,4,4,3,5
1,5,0,17,1,4,?,?,0,2,2,3,4,4,3,3,3,3,3,2,3,3,3,3,1,2,2,2,3,3,3,1,1,1,1,2,?,2,2,4,4,2,2,4,4,4,4,2,3,3,1,3
1,1,1,18,1,2,?,?,0,2,2,3,5,5,4,4,5,4,3,3,4,4,4,?,2,1,2,3,5,5,5,2,2,2,2,4,2,3,3,5,2,3,3,5,5,5,5,2,4,5,1,1
1,6,1,9,1,2,?,?,0,4,3,3,3,5,4,3,4,4,4,3,3,3,5,4,4,4,4,4,5,5,5,3,1,3,3,4,3,4,4,5,4,4,4,5,5,4,5,4,4,4,1,4
1,6,0,11,1,4,?,?,0,2,2,2,5,3,3,?,3,2,2,3,4,1,2,3,1,1,4,1,4,4,2,1,1,1,2,1,1,2,4,3,3,2,1,5,4,4,4,1,1,2,1,1
1,5,0,10,1,4,?,?,0,2,3,3,4,4,3,4,4,3,3,3,2,2,3,3,1,1,2,1,3,3,3,1,1,1,1,2,1,2,1,4,3,3,1,5,4,4,5,1,4,4,1,1
1,1,1,?,1,2,?,?,0,1,2,2,5,5,3,2,2,2,2,2,4,1,1,3,1,1,3,2,5,4,4,1,1,2,1,3,3,3,2,5,3,1,1,4,2,2,2,2,3,2,1,5
1,6,0,8,1,3,?,?,0,3,2,2,4,4,3,4,4,3,4,3,5,2,3,4,1,1,4,2,4,4,5,1,1,1,1,3,1,1,1,5,3,2,3,4,4,4,3,3,3,4,1,1
1,5,1,14,1,2,?,?,0,2,3,3,5,5,2,4,3,3,3,3,5,4,5,3,1,2,4,2,5,4,5,1,3,1,1,1,1,2,3,5,2,2,3,5,2,2,4,2,5,3,1,2
1,1,1,15,1,2,?,?,0,3,3,5,5,4,3,3,5,3,3,3,4,3,3,4,1,1,2,2,5,5,5,2,1,3,2,3,5,5,3,5,4,4,4,5,5,5,5,5,5,2,1,3
1,6,1,?,1,3,?,?,1,3,3,3,2,3,3,3,3,3,3,3,3,3,3,3,3,3,3,3,3,3,3,2,2,2,2,3,3,3,3,3,3,2,2,4,3,4,3,2,3,3,2,3
1,3,1,2,1,3,?,?,0,3,3,3,5,4,3,3,4,3,3,3,4,4,4,4,2,2,3,2,4,4,5,2,3,2,2,3,3,3,3,4,2,2,3,3,2,2,5,3,4,4,2,4
1,4,0,5,1,4,?,?,0,3,3,2,5,3,4,4,4,3,4,3,4,4,3,4,2,3,4,2,4,4,4,1,1,2,2,3,3,4,4,5,4,3,3,4,4,3,3,2,4,4,2,5
1,1,1,3,1,3,?,?,0,3,3,3,4,5,3,4,4,4,4,4,3,4,4,3,1,2,2,2,4,4,4,3,1,3,3,4,3,3,3,3,3,4,4,5,5,4,3,4,4,4,1,1
1,6,0,7,1,3,?,?,0,3,3,3,5,5,3,4,4,3,4,4,3,3,5,3,1,2,4,3,4,5,4,1,1,2,2,3,2,5,4,5,5,3,3,5,5,5,4,2,4,4,1,1
1,1,1,?,1,2,?,?,0,2,2,3,5,4,4,4,3,3,3,2,1,2,3,3,1,1,3,1,3,3,3,1,1,1,1,2,1,1,1,5,4,2,1,3,3,3,2,2,2,3,1,4
1,6,1,13,1,3,?,?,0,3,3,2,5,5,2,4,4,3,5,3,2,2,3,2,1,4,5,4,5,5,5,1,1,3,1,4,2,4,1,5,1,2,2,5,5,5,5,3,3,3,1,1
1,6,1,11,1,3,?,?,0,4,4,4,5,3,5,5,5,3,3,3,3,4,4,4,1,3,2,2,4,5,5,2,1,2,2,4,2,2,2,5,5,4,3,2,5,2,4,3,4,2,1,4
1,1,0,5,1,4,?,?,0,5,5,5,5,5,4,5,5,4,4,4,2,4,4,4,4,2,2,4,5,5,5,4,1,4,4,5,4,2,4,4,1,4,4,3,4,3,5,5,5,5,1,2
1,1,0,4,1,4,?,?,0,1,1,1,5,2,?,4,3,2,2,2,4,1,1,?,1,1,3,3,3,3,4,1,1,1,1,2,1,1,3,4,4,1,1,1,3,2,1,1,2,4,1,1
1,1,0,8,1,4,?,?,0,5,3,3,4,5,4,4,4,3,3,3,5,5,5,4,1,4,4,4,4,4,4,3,3,3,3,4,3,3,3,4,5,4,5,5,5,5,5,2,3,3,1,3
1,1,1,5,1,3,?,?,0,5,5,5,5,5,?,4,5,4,4,4,1,5,5,4,4,3,3,4,5,5,5,4,2,5,2,5,1,3,2,5,3,5,5,5,5,5,5,5,5,5,1,2
1,1,1,5,1,3,?,?,1,4,4,4,3,5,3,5,5,4,4,3,3,5,5,4,3,4,5,3,5,5,5,2,1,3,3,4,2,3,5,4,4,3,3,5,5,4,3,5,5,5,2,3
1,6,0,3,1,4,?,?,0,3,3,2,4,4,4,4,3,2,2,2,4,2,3,3,1,2,4,2,4,3,4,1,2,1,2,2,2,3,2,4,3,3,2,3,3,3,2,2,2,4,2,2
1,5,0,2,1,4,?,?,0,3,3,4,3,3,3,4,4,3,3,3,4,4,3,3,2,4,5,4,4,4,4,2,3,3,3,4,3,3,2,5,3,3,3,4,4,4,3,4,4,4,2,2
1,6,1,20,1,1,?,?,1,4,4,5,5,5,4,4,4,4,3,3,1,3,4,1,3,?,?,?,?,?,?,3,5,5,5,?,3,3,3,3,3,5,4,5,1,1,4,4,5,5,3,3
1,6,1,6,1,3,?,?,0,4,2,2,5,5,5,2,3,2,3,3,3,1,4,2,1,2,2,2,4,5,5,2,2,2,2,2,3,3,3,4,3,2,2,3,3,2,4,2,2,2,2,3
1,6,1,12,1,3,?,?,0,3,3,3,4,4,4,3,4,3,3,4,3,3,4,4,3,3,4,3,4,4,4,3,3,3,3,4,3,3,3,5,4,3,3,5,4,3,3,3,4,3,3,4
1,6,1,20,1,2,?,?,0,3,2,4,5,5,3,4,4,4,4,4,3,4,3,2,4,3,4,4,4,4,4,4,2,4,3,4,3,4,4,4,4,4,4,4,4,4,?,4,4,4,2,4
1,6,1,20,1,2,?,?,0,2,4,2,4,4,3,2,2,3,3,3,5,4,3,2,1,1,2,2,4,5,5,1,2,1,1,2,2,5,4,5,1,3,3,5,3,3,5,2,3,4,1,1
1,1,1,22,1,2,?,?,0,4,3,3,3,4,2,4,5,3,4,2,3,3,?,?,1,2,2,?,4,5,5,2,2,2,?,3,3,3,1,4,3,3,3,5,5,4,5,4,4,4,1,3
1,5,1,17,1,1,?,?,0,2,2,3,5,4,4,5,4,4,4,3,2,3,1,1,4,1,3,2,5,5,5,2,1,2,3,4,2,1,4,5,4,3,3,4,2,1,3,3,4,4,1,1
1,6,1,12,1,3,?,?,0,3,3,5,5,5,4,5,5,4,4,3,3,4,4,5,1,3,5,3,5,4,5,3,1,3,3,3,1,4,3,5,3,3,3,4,4,4,2,4,4,4,1,4
1,6,1,25,1,2,?,?,0,1,1,5,5,4,3,2,3,3,3,3,1,3,3,5,2,3,3,3,4,5,5,3,3,2,2,5,2,3,4,4,4,2,3,4,3,2,4,5,5,2,2,4
1,6,1,13,1,3,?,?,0,5,4,5,5,4,4,5,5,3,3,3,3,3,3,2,1,2,4,4,5,4,5,1,1,3,3,4,1,4,3,3,2,3,2,2,3,2,4,2,4,4,1,4
1,6,0,13,1,3,?,?,0,2,3,3,4,4,1,5,4,3,3,2,1,3,1,1,2,1,3,1,5,5,5,1,1,1,1,3,3,2,3,3,3,1,2,1,1,1,1,1,3,3,1,1
1,6,1,12,1,3,?,?,1,4,4,4,4,4,4,3,3,3,3,3,4,4,3,3,2,3,3,2,5,4,4,2,2,2,2,3,3,3,4,3,2,4,4,4,4,4,5,4,3,2,2,4
1,1,1,25,1,2,?,?,0,2,2,2,4,4,4,3,2,3,3,2,3,2,2,3,1,1,2,3,4,5,5,1,2,2,2,2,2,2,1,3,3,2,2,5,4,5,4,2,3,4,1,2
1,5,1,9,1,2,?,?,0,?,?,?,?,?,?,5,?,?,?,?,?,?,?,?,1,3,3,?,4,3,4,1,1,1,1,?,1,1,2,5,3,?,?,5,5,5,?,1,1,2,1,1
1,6,1,25,1,2,?,?,0,4,2,4,4,3,3,2,4,2,3,2,2,2,3,3,3,3,4,4,4,4,5,2,2,3,3,4,2,2,1,4,3,3,3,4,4,4,4,2,3,4,2,2
1,6,1,24,1,2,?,?,0,2,2,3,2,3,3,3,3,3,3,3,3,3,3,3,3,3,3,3,3,3,3,3,3,3,3,3,3,3,3,3,3,3,3,3,3,3,3,3,3,3,3,3
1,6,0,20,1,3,?,?,0,3,3,3,3,3,3,3,3,4,4,4,3,3,3,3,3,4,4,4,4,4,4,2,3,4,4,4,1,1,1,4,4,4,4,4,4,4,3,4,4,4,1,3
1,5,0,19,1,3,?,?,0,3,3,3,4,4,4,4,4,3,3,2,4,3,4,4,2,2,4,3,4,4,4,2,2,2,2,3,1,1,4,4,3,3,3,4,3,3,3,3,4,3,1,4
0,1,0,6,1,6,2,?,0,5,5,5,5,5,5,5,5,4,5,4,4,5,3,?,5,2,3,4,5,5,5,4,1,5,5,5,5,5,4,?,?,5,5,5,5,5,5,5,5,5,1,3
0,3,0,4,1,6,2,?,0,2,2,2,4,3,3,3,3,2,2,2,2,1,1,2,1,1,3,1,3,3,3,1,1,1,1,1,2,2,1,3,3,1,1,1,1,1,1,1,1,2,1,2
0,6,0,11,1,6,2,?,0,5,5,5,5,5,5,5,5,3,3,3,3,3,4,4,5,2,2,2,5,5,5,5,5,5,5,5,1,3,3,5,5,5,5,5,5,5,5,5,5,5,1,5
0,6,0,5,1,6,2,?,0,4,3,4,3,4,3,4,?,2,2,2,4,3,4,3,3,3,3,?,4,4,4,2,2,3,3,4,3,4,3,4,4,3,?,4,3,3,3,3,3,4,2,3
0,6,0,10,1,6,2,?,1,2,2,1,2,2,2,2,2,3,3,3,3,2,2,3,3,2,2,3,2,2,2,2,3,2,3,2,2,1,2,1,2,3,3,1,3,4,1,2,2,1,2,1
0,4,0,12,1,6,2,?,0,4,4,4,5,4,4,4,4,3,3,3,3,3,3,?,3,3,3,3,3,3,3,3,3,3,3,3,2,3,2,3,3,3,3,3,3,3,3,3,3,3,3,3
0,5,0,8,1,6,2,?,0,3,3,2,5,5,4,4,4,2,2,2,2,2,4,3,2,1,2,1,3,3,4,1,2,1,1,2,1,1,?,5,5,3,3,2,2,1,1,1,2,2,1,3
0,6,0,7,1,6,1,7,0,5,5,5,5,4,4,5,4,4,4,4,4,4,5,3,4,4,5,5,4,5,5,3,4,5,5,4,3,3,4,5,3,4,4,4,4,4,4,4,5,5,2,4
0,6,0,15,1,6,1,3,0,3,2,2,4,4,2,2,3,3,3,3,3,2,2,3,2,2,4,2,4,4,3,1,1,2,2,3,1,1,2,2,2,2,3,4,4,3,4,2,3,4,1,2
0,1,1,5,1,6,2,?,0,4,4,4,4,4,3,3,4,4,4,3,4,3,4,3,1,3,5,3,5,4,5,2,1,1,1,4,5,2,2,5,5,3,3,2,4,2,3,2,4,2,1,5
0,1,0,9,1,6,2,?,0,4,4,4,4,4,3,4,2,3,3,2,2,3,3,3,3,2,1,2,5,5,?,3,3,4,3,3,2,3,2,2,2,3,4,4,4,4,4,4,4,4,2,5
0,2,0,6,1,6,2,?,0,4,4,3,5,4,3,4,4,3,4,4,3,3,3,3,3,4,4,4,4,4,4,2,2,3,4,4,1,4,1,4,4,4,4,4,4,4,4,3,4,4,1,2
0,4,0,5,1,6,2,?,0,4,3,4,4,5,3,5,5,3,4,4,4,4,3,3,1,3,2,3,5,5,3,2,1,2,2,3,1,5,3,4,4,2,2,4,3,4,4,4,4,4,1,1
0,2,0,12,1,6,2,?,0,4,5,4,5,5,4,3,4,5,5,4,2,4,3,4,5,4,5,4,5,5,5,3,3,4,4,5,2,3,2,4,3,4,4,5,4,3,4,4,4,4,1,3
0,4,0,7,1,6,2,?,0,3,4,4,4,4,3,5,4,4,5,4,3,3,3,3,3,3,4,4,4,4,5,3,2,4,4,4,2,2,2,4,3,4,4,4,4,4,3,4,4,4,1,3
0,4,0,5,1,6,2,?,0,3,4,5,3,3,2,4,4,3,3,2,3,2,3,3,2,2,3,3,4,4,5,2,2,2,2,4,2,2,1,4,3,2,3,2,2,2,2,2,4,4,1,3
0,6,0,13,1,6,1,7,1,4,4,5,5,5,4,5,?,5,5,?,2,5,4,1,5,4,3,3,5,5,5,3,3,4,4,5,3,5,3,2,1,5,5,4,3,4,4,3,5,5,3,4
0,1,0,10,1,6,2,?,0,3,2,3,4,3,?,2,3,4,3,2,1,?,?,3,3,2,3,2,5,5,5,2,2,2,2,4,4,4,4,5,5,3,2,3,3,3,3,2,2,2,1,5
0,4,0,15,1,6,2,?,0,3,3,3,4,4,3,4,4,3,4,4,4,4,3,5,2,3,3,4,5,4,4,2,3,3,3,4,3,2,2,3,3,3,3,3,3,4,3,3,4,4,1,5
0,5,1,20,1,6,1,2,0,2,2,1,4,3,3,2,3,2,2,2,4,1,2,3,1,1,3,1,3,4,3,1,1,1,1,2,2,2,2,3,2,1,1,1,1,1,1,1,2,3,1,1
0,6,0,14,1,6,2,?,0,3,2,4,5,3,3,3,3,3,3,2,5,2,3,3,1,3,4,3,4,3,4,1,2,2,2,3,2,4,3,3,3,2,2,5,5,5,3,3,3,4,1,2
0,6,0,16,1,6,2,?,0,5,5,5,5,5,5,4,3,4,4,4,3,4,3,3,2,2,2,2,5,5,5,3,1,4,3,4,5,5,5,5,3,3,3,3,2,2,2,4,4,4,1,5
0,6,0,15,1,6,2,?,0,2,3,5,5,?,3,1,4,5,5,4,3,3,3,3,5,3,3,4,5,4,5,4,1,3,3,4,1,2,1,4,3,3,5,4,4,4,3,2,2,4,1,1
0,1,1,20,1,6,1,2,0,3,4,4,4,4,2,5,4,4,3,3,3,3,3,3,1,2,2,2,3,2,3,1,1,3,2,4,1,1,1,3,3,3,3,3,5,3,3,2,3,1,1,1
0,6,0,20,1,6,1,7,0,4,4,3,5,5,4,4,4,3,4,2,3,3,2,4,1,3,4,5,5,5,5,1,1,3,3,4,2,3,3,5,4,3,3,4,4,5,3,4,4,4,2,3
0,6,1,15,1,6,1,7,0,4,4,4,5,4,3,4,4,3,3,3,3,4,4,3,2,1,3,3,4,5,5,4,2,3,3,4,1,2,1,3,2,3,3,4,3,4,4,4,5,5,1,2
0,2,1,21,1,6,1,2,0,5,5,5,5,3,4,4,4,3,4,2,2,3,4,4,4,4,4,3,4,4,4,2,2,4,4,4,4,4,4,5,3,4,4,5,5,5,5,4,4,4,1,1
0,6,1,17,1,6,1,2,0,5,5,5,5,5,3,5,5,4,3,2,?,3,3,3,1,3,5,3,5,5,5,2,1,4,1,4,1,3,2,4,1,3,4,3,4,4,5,5,5,5,1,1
0,4,0,5,1,6,2,?,0,2,3,3,4,4,4,5,4,3,3,3,1,4,1,2,2,2,3,2,3,4,4,2,2,1,1,2,1,1,2,4,4,2,2,3,3,1,3,2,3,3,1,5
0,6,1,14,1,6,2,?,0,4,3,4,2,4,3,4,3,4,4,4,3,4,3,3,3,3,3,4,4,4,4,3,3,3,4,4,3,3,3,3,3,4,4,3,3,4,4,5,5,5,3,3
0,6,1,?,1,6,1,2,1,3,4,5,5,5,2,4,4,4,5,1,4,?,?,4,5,3,2,?,5,5,5,4,1,4,?,4,4,5,5,1,2,3,5,1,3,1,3,4,4,5,1,4
0,4,1,23,1,6,1,2,1,2,3,4,2,5,3,3,3,3,4,2,4,3,3,4,4,3,4,2,5,4,4,4,2,3,3,3,1,2,5,2,3,2,3,2,3,2,2,4,4,4,1,2
0,4,1,20,1,6,1,3,0,3,3,4,4,4,?,5,5,4,4,3,2,4,?,?,2,3,?,3,4,4,4,1,1,2,3,4,1,1,1,3,2,4,4,4,5,4,5,5,4,5,1,1
0,4,0,15,1,6,1,2,0,3,3,3,5,5,3,4,4,3,4,3,3,3,3,3,3,2,4,3,5,5,5,1,1,3,3,3,1,1,2,3,3,3,3,4,3,3,3,4,4,5,1,2
0,4,0,14,1,6,2,?,0,3,?,3,5,4,?,2,4,1,2,2,5,1,?,4,1,1,5,3,5,2,5,1,2,2,2,2,2,4,2,3,1,3,2,4,?,4,?,3,3,2,1,2
0,4,0,3,1,6,2,?,0,1,2,2,3,3,2,3,2,3,2,2,4,2,?,?,2,?,?,?,5,5,5,1,1,1,1,3,1,2,1,4,?,2,2,5,3,3,?,2,3,3,1,1
0,6,1,8,1,6,?,?,0,3,3,3,3,3,3,3,3,4,4,4,3,3,3,3,?,3,3,3,3,3,5,4,4,?,?,3,?,4,?,3,3,3,3,?,?,?,?,4,4,4,1,1
0,6,1,10,1,6,1,7,0,4,4,4,5,4,3,4,5,3,3,3,3,4,4,3,4,2,4,3,4,4,5,2,2,4,4,4,2,3,3,5,2,4,4,4,5,4,5,3,4,4,1,3
0,2,1,22,1,6,1,3,0,4,4,5,5,5,?,4,3,4,4,4,2,4,?,?,4,2,3,3,4,5,5,4,1,3,3,3,1,3,3,4,2,3,5,5,5,5,5,4,4,4,1,1
0,2,1,19,1,6,1,3,0,3,3,3,4,4,4,4,4,3,3,3,3,3,3,3,3,2,4,2,3,3,3,3,3,3,3,3,3,3,3,3,3,3,3,3,3,3,3,3,3,3,3,3
0,4,1,20,1,6,1,6,0,4,4,4,5,3,4,5,5,3,4,3,2,3,3,4,2,2,4,4,4,3,4,1,1,3,3,3,2,2,2,4,3,3,3,5,4,4,4,4,4,4,1,4
0,6,0,4,1,6,2,?,0,3,3,2,5,5,3,3,3,2,3,3,3,3,3,3,2,2,3,4,4,4,5,3,3,2,2,4,3,3,3,5,4,3,3,3,3,3,4,2,3,3,3,3
0,6,0,5,1,6,2,?,0,3,3,3,4,4,3,3,4,4,4,3,5,3,?,?,1,3,4,?,3,4,3,2,1,1,2,2,5,3,3,4,4,2,2,3,4,3,3,2,3,2,1,1
0,6,1,11,1,6,2,?,1,5,5,5,5,5,4,4,4,4,5,4,5,4,4,5,3,3,3,3,5,3,5,2,3,4,3,4,4,3,5,5,5,4,4,5,4,3,4,3,4,5,4,5
0,2,0,12,1,6,2,?,0,4,?,4,5,4,?,4,?,4,4,4,?,4,?,?,3,3,4,4,4,4,5,3,?,4,3,4,4,4,3,5,5,4,4,4,4,?,?,4,4,2,3,5
0,6,0,12,1,6,2,?,0,4,3,4,5,5,3,4,5,4,4,4,4,4,4,5,1,3,4,3,5,4,5,2,2,3,3,4,3,3,4,5,4,3,3,4,4,4,5,3,3,4,2,4
0,2,1,25,1,6,1,2,0,4,5,5,4,4,2,4,4,4,4,4,2,4,4,3,3,2,3,4,5,4,5,4,4,4,4,5,2,3,2,2,1,4,4,4,4,3,4,4,4,4,1,1
0,5,0,12,1,6,2,?,0,3,3,3,5,5,2,4,4,3,3,2,2,3,3,3,2,2,4,2,4,4,5,1,1,3,2,3,3,3,2,4,3,3,3,5,2,4,5,1,4,4,1,1
0,2,0,12,1,6,2,?,0,3,2,4,4,3,3,4,3,4,4,4,3,3,2,3,2,3,4,3,3,4,5,2,1,2,1,4,2,2,1,4,4,3,2,4,3,2,3,4,3,2,1,4
0,5,1,18,1,6,1,2,0,2,2,2,5,4,2,4,5,3,3,2,2,2,2,3,2,2,3,2,3,4,5,2,1,2,2,3,1,2,1,3,3,2,2,4,3,3,3,3,4,5,1,1
0,6,1,20,1,6,1,7,0,5,5,5,5,5,4,5,5,4,4,3,3,4,4,2,1,2,2,3,5,5,5,4,4,5,3,4,1,2,1,2,1,4,4,5,4,4,5,4,5,5,2,4
0,4,1,14,1,6,1,2,1,4,4,5,4,4,5,5,5,4,5,3,1,4,3,5,5,2,4,4,5,5,5,2,3,5,4,5,3,3,4,4,3,5,5,3,4,3,5,5,5,5,4,2
0,5,0,16,1,6,1,7,0,2,2,2,5,3,3,4,3,2,2,2,4,2,3,3,1,2,2,2,3,3,3,1,1,1,1,2,2,2,3,3,3,2,2,3,3,3,3,2,3,3,1,1
0,4,0,7,1,6,2,?,0,3,4,5,5,5,3,5,5,5,5,5,1,5,3,3,5,3,5,3,5,5,5,3,4,5,5,4,3,2,3,4,4,5,5,4,2,2,2,4,4,4,1,2
0,4,1,6,1,6,2,?,0,?,4,4,5,4,4,4,3,4,4,4,4,4,4,4,2,3,4,4,5,5,5,2,2,3,3,4,2,3,3,3,3,3,3,4,4,4,4,4,4,4,2,3
0,4,0,7,1,6,2,?,0,4,3,3,5,5,4,4,5,4,4,4,2,2,3,2,1,3,5,3,5,5,5,1,1,3,3,4,1,2,1,4,4,2,2,2,4,4,3,3,3,4,2,1
0,1,0,12,1,6,2,?,0,4,3,5,5,5,4,4,5,4,3,3,2,4,4,4,2,3,4,4,5,5,5,2,2,4,4,5,4,4,2,5,5,4,4,5,5,4,4,4,5,5,2,5
0,6,0,4,1,6,2,?,0,4,3,4,4,4,3,3,3,3,3,3,4,4,4,4,3,3,3,4,5,5,5,2,2,3,3,4,4,4,4,3,3,3,3,3,3,3,3,2,2,3,2,4
0,4,0,10,1,6,2,?,0,3,3,4,5,4,5,4,4,3,3,3,3,4,4,3,2,3,5,4,5,5,5,2,3,2,2,4,4,5,4,5,5,3,3,5,4,3,3,3,4,4,2,5
0,6,1,15,1,6,1,2,0,4,4,3,5,5,3,5,5,4,4,2,2,2,2,2,2,2,2,2,3,2,4,2,1,2,2,3,2,2,2,2,2,2,2,2,2,2,2,3,4,4,1,3
0,6,0,3,1,6,2,?,0,4,4,5,4,4,4,5,5,4,4,4,3,4,4,4,3,4,5,4,5,5,5,3,3,4,4,4,2,4,4,4,4,4,4,5,4,3,5,4,5,5,2,4
0,6,0,9,1,6,2,?,0,2,2,3,5,5,3,4,4,4,4,3,4,3,2,2,2,2,1,3,5,5,5,1,1,2,2,4,1,3,1,4,2,2,3,4,3,5,5,4,4,4,1,1
0,3,0,22,1,6,2,?,0,2,2,3,4,3,2,4,4,3,2,2,4,2,3,2,1,4,4,4,4,4,5,1,1,2,1,4,2,2,1,4,4,2,2,5,3,5,5,2,3,4,1,3
0,1,0,10,1,6,2,?,0,3,2,2,5,5,4,3,3,3,4,4,4,3,2,3,1,2,3,2,5,5,5,1,1,2,1,3,1,1,1,5,5,1,1,3,1,1,1,1,2,5,1,1
0,4,0,5,1,6,2,?,0,2,2,2,5,3,?,2,4,?,?,?,?,?,?,?,1,2,4,3,5,5,5,1,1,1,1,2,4,4,4,5,?,2,1,?,?,?,?,2,1,3,1,?
0,6,0,2,1,6,2,?,1,5,5,5,5,5,5,5,5,2,2,2,2,2,5,5,5,5,5,5,5,5,5,5,5,5,5,5,5,5,5,5,5,5,5,5,5,5,5,5,5,5,5,5
0,4,0,1,1,6,2,?,1,3,4,4,4,5,4,5,5,4,5,2,3,4,4,4,4,3,5,4,4,5,5,2,4,2,2,3,2,5,4,5,4,3,4,4,3,3,3,5,5,5,4,4
0,2,0,?,1,6,2,?,0,3,3,3,3,3,3,3,3,3,4,3,3,3,3,3,1,3,3,3,3,3,5,1,1,3,3,5,1,4,2,5,4,5,3,4,5,5,3,2,2,1,1,4
0,6,0,7,1,6,1,7,0,4,4,4,5,4,5,5,5,3,4,4,3,3,3,3,2,3,3,4,4,4,5,2,2,3,3,4,3,3,3,3,3,3,3,3,3,3,3,3,4,4,2,3
0,6,0,18,1,6,2,?,0,5,5,5,5,5,3,5,5,3,4,5,4,3,5,3,2,3,5,5,5,5,5,3,2,4,4,5,2,4,2,5,5,5,5,5,5,5,5,5,5,5,1,3
0,6,1,18,1,6,1,2,0,1,1,1,5,4,3,3,4,3,4,4,3,1,1,3,1,3,5,3,4,4,4,1,1,1,1,3,1,2,1,4,3,1,1,1,1,1,1,1,4,5,1,1
0,2,1,20,1,6,1,2,0,1,2,1,2,2,1,2,2,1,1,1,5,1,1,1,1,2,5,3,5,5,4,1,1,2,1,2,1,1,1,4,4,1,1,5,5,5,5,2,2,4,1,1
0,2,1,20,1,6,1,2,0,2,3,3,5,5,3,3,3,4,4,4,3,3,3,3,3,3,4,3,5,3,3,1,1,3,3,4,1,1,1,3,3,3,2,4,4,3,5,3,2,2,1,1
0,6,1,15,1,6,1,3,0,3,3,4,5,4,2,3,2,3,3,2,3,3,3,2,2,3,4,3,4,4,4,2,2,4,3,4,2,2,2,2,1,3,3,5,4,5,1,2,4,4,2,2
0,4,1,23,1,6,1,2,1,5,5,5,5,4,3,4,5,4,4,3,2,4,3,3,5,3,3,3,5,5,5,4,2,5,5,5,5,5,5,3,4,5,5,3,1,1,1,5,5,5,3,3
0,3,1,20,1,6,1,4,1,5,5,5,5,5,5,5,5,5,5,5,5,5,5,5,5,5,5,5,5,5,5,5,5,5,5,5,5,5,5,5,5,5,5,5,5,5,5,5,5,5,5,5
0,3,1,15,1,6,2,?,0,4,3,4,5,4,?,4,5,2,4,3,3,?,?,?,3,3,2,?,4,4,5,2,2,4,3,4,1,5,1,4,3,4,4,2,2,3,3,4,4,4,1,1
0,6,0,7,1,6,2,?,0,4,4,4,5,3,3,4,4,3,4,3,3,2,3,3,4,2,3,3,3,4,4,3,2,3,3,2,2,2,3,4,4,3,3,4,4,5,3,3,4,3,1,5
0,1,0,12,1,6,2,?,0,4,4,4,5,5,3,4,4,4,3,3,4,3,3,3,2,2,4,3,5,3,5,3,1,3,3,4,2,4,1,4,2,3,4,3,3,3,3,4,5,5,1,5
0,5,0,7,1,6,2,?,0,3,3,3,2,5,2,3,4,3,4,2,5,2,2,2,1,2,4,3,4,4,5,2,1,2,2,2,1,5,4,4,3,2,2,5,4,5,3,2,3,4,1,2
0,1,0,12,1,6,2,?,1,5,3,5,3,5,3,5,4,4,4,3,1,4,4,3,3,3,5,5,5,5,5,3,5,5,5,5,5,5,3,5,5,5,5,3,5,5,5,5,5,5,1,3
0,4,1,12,1,6,1,2,0,5,5,5,5,5,5,5,5,4,4,4,2,4,4,2,3,3,3,4,4,2,5,3,2,4,4,4,1,1,1,4,2,4,4,3,3,3,4,4,4,4,1,2
0,2,0,?,1,6,2,?,0,3,2,2,4,4,3,4,4,1,2,2,3,1,2,4,1,2,4,3,4,5,5,1,1,1,3,3,2,1,2,?,?,1,1,4,2,3,1,2,4,4,2,1
0,1,0,12,1,6,2,?,1,5,5,5,4,4,4,5,4,4,4,3,2,5,4,5,3,3,3,2,5,5,5,3,4,5,5,5,3,5,5,3,1,5,4,5,5,5,5,4,4,4,4,5
0,6,0,8,1,6,?,?,0,4,4,5,4,4,3,4,4,4,3,3,3,3,3,3,3,3,4,3,4,4,5,3,3,3,3,4,3,2,3,4,3,3,4,3,3,3,3,4,4,4,2,3
0,6,1,22,1,6,1,2,0,4,4,5,4,4,4,2,4,3,3,3,4,4,4,4,4,?,?,?,?,?,?,5,5,5,5,?,1,1,3,1,1,5,5,5,5,5,1,5,5,1,1,5
0,4,0,7,1,6,2,?,0,3,4,5,4,4,2,4,3,5,5,5,3,4,3,3,4,5,3,4,5,5,5,4,2,5,5,5,2,5,5,4,2,5,4,3,4,3,3,5,5,5,2,2
0,1,0,5,1,6,2,?,0,3,3,3,3,3,2,3,2,4,4,4,3,4,2,2,2,3,2,3,5,5,5,3,2,3,3,5,2,4,?,4,3,3,3,1,4,4,4,4,4,4,2,2
0,5,0,1,1,6,2,?,0,4,4,4,5,5,5,4,4,4,4,3,5,4,4,4,3,2,2,2,4,5,5,1,1,3,3,4,5,5,5,5,5,3,3,4,2,4,4,1,3,4,1,1
0,6,0,5,1,6,2,?,0,4,4,4,4,4,4,4,3,3,3,3,4,3,3,3,3,3,4,4,5,5,5,3,2,3,3,4,3,4,3,5,5,4,3,4,4,4,4,3,3,3,2,3
0,6,0,6,1,6,2,?,0,2,4,3,4,4,3,4,4,4,5,3,2,3,4,2,2,3,2,2,4,4,4,1,1,2,2,2,3,4,1,4,3,2,2,3,2,3,4,2,3,4,2,4
0,6,0,12,1,6,2,?,0,2,2,3,5,5,3,2,1,2,3,2,1,3,2,1,1,1,2,2,4,5,5,2,2,3,3,3,1,3,2,?,?,2,2,2,1,1,1,2,3,4,1,1
0,4,0,6,1,6,2,?,0,4,4,4,4,4,4,5,5,3,3,3,2,3,3,3,2,4,4,4,4,4,4,4,1,3,4,3,2,3,2,3,3,4,3,5,5,5,5,5,4,5,2,3
0,6,0,4,1,6,2,?,0,2,2,3,5,4,4,5,4,2,4,1,5,3,1,2,1,1,2,2,5,5,5,1,1,1,1,1,1,3,1,2,3,1,1,4,3,4,4,2,3,4,1,1
0,3,1,20,1,6,1,7,1,3,3,4,5,4,5,4,5,3,3,2,2,3,3,4,2,2,5,2,5,2,5,1,1,3,3,2,5,3,1,5,3,3,3,5,4,5,5,4,4,3,3,4
0,6,0,17,1,6,1,3,0,3,3,3,2,?,?,3,4,?,?,?,?,?,?,?,3,2,2,2,4,4,4,2,2,2,2,3,4,4,?,4,2,3,2,2,2,2,2,2,2,2,2,2
0,1,1,9,1,6,1,4,1,2,2,2,5,3,4,2,3,3,3,2,4,2,2,3,1,1,1,2,5,3,5,1,1,1,1,1,3,2,4,3,1,2,2,2,2,2,2,1,2,3,1,4
0,4,0,?,1,6,2,?,1,4,3,4,3,4,3,4,3,2,3,2,2,2,4,4,1,2,3,1,4,4,5,1,2,3,2,3,1,2,1,5,3,3,3,4,3,3,3,2,2,3,2,5
0,5,0,3,1,6,2,?,0,4,4,4,4,4,4,5,5,4,4,3,3,3,3,3,3,2,2,4,4,4,5,1,2,3,4,3,3,4,1,5,5,4,4,5,4,5,5,2,4,4,1,3
0,1,0,6,1,6,2,?,0,4,3,5,5,5,4,4,4,5,4,4,2,4,3,4,2,3,3,5,4,4,4,3,3,3,3,4,5,4,4,4,2,3,3,4,5,5,3,2,5,5,1,3
0,1,1,10,1,6,1,2,0,3,3,5,4,5,?,1,2,3,3,3,5,3,3,?,1,1,1,1,3,5,5,3,1,4,1,5,5,1,1,3,3,3,3,5,5,5,5,4,4,4,1,1
0,4,1,10,1,6,1,2,0,4,4,5,5,5,3,4,4,4,4,3,1,4,3,2,3,4,4,3,5,1,4,3,1,4,4,4,1,1,1,3,1,3,4,2,4,1,1,4,3,2,1,1
0,1,0,7,1,6,2,?,0,3,4,4,4,4,3,4,4,4,4,3,4,4,4,3,1,2,3,4,5,5,5,3,3,4,4,4,2,4,3,5,3,4,4,4,4,4,4,4,4,4,2,4
0,2,0,3,1,6,2,?,0,3,2,2,5,5,3,4,4,3,3,3,4,2,3,3,1,4,2,4,5,5,5,1,2,2,2,2,2,2,2,5,?,2,2,4,4,5,3,2,4,4,1,2
0,1,1,17,1,6,1,3,0,2,3,5,5,4,4,4,3,3,3,3,3,3,4,2,2,2,2,2,4,5,5,2,2,4,3,4,1,1,3,2,2,3,4,3,2,3,2,4,5,5,5,3
0,6,0,10,1,6,2,?,0,3,3,3,5,5,2,5,5,3,3,4,3,3,2,2,2,4,3,3,3,4,4,1,1,3,3,2,1,1,1,5,4,3,2,5,3,5,4,2,2,5,1,2
0,5,1,12,1,6,?,?,0,4,3,3,4,4,2,3,3,4,4,4,3,2,2,3,2,2,3,2,4,?,4,1,1,2,?,3,3,2,2,4,2,2,2,4,3,3,3,2,3,3,1,2
0,5,0,16,1,6,1,7,0,3,3,2,4,2,4,3,3,2,2,2,4,2,3,2,1,2,2,2,4,4,4,1,1,1,1,2,2,4,1,1,1,1,1,1,1,1,1,1,1,2,2,1
0,1,1,10,1,6,2,?,0,3,3,4,3,5,4,4,3,4,4,3,2,3,2,3,3,4,4,3,3,4,4,2,2,4,4,3,2,3,2,3,3,3,3,3,3,4,4,5,5,5,3,2
0,4,0,10,1,6,2,?,0,3,5,4,5,4,?,4,4,3,2,3,3,3,2,?,1,4,4,?,4,4,5,?,?,4,?,4,2,2,3,?,?,?,?,4,?,4,4,5,5,5,1,4
0,2,1,15,1,6,1,2,0,4,5,5,5,5,4,5,4,4,4,4,1,3,3,4,2,4,3,4,3,1,4,3,2,4,3,5,2,1,2,3,3,3,3,1,1,1,1,4,2,3,2,3
0,4,0,12,1,6,2,?,0,4,3,4,4,3,3,3,4,4,4,3,3,3,3,3,3,3,3,3,5,4,3,4,3,3,2,4,4,5,4,1,2,3,4,4,3,2,3,2,3,4,5,1
0,4,1,24,1,6,1,2,0,1,2,2,4,3,4,3,3,1,2,2,3,1,1,3,2,2,4,3,4,3,5,2,1,2,2,2,1,1,4,4,4,2,2,2,2,2,2,3,2,1,1,2
0,4,0,8,1,6,2,?,1,3,3,4,3,3,2,3,3,4,4,4,4,4,4,2,4,4,3,3,3,3,3,3,3,3,3,3,1,1,2,?,?,?,?,?,4,4,?,3,3,3,2,1
0,4,1,5,1,6,2,?,0,4,4,5,5,5,5,5,5,5,5,4,2,4,5,3,1,5,5,5,5,5,5,4,2,2,2,5,1,3,3,5,5,4,4,5,2,2,2,5,5,5,1,4
0,?,0,?,1,6,2,?,0,5,5,5,5,3,5,4,4,3,3,2,?,3,4,4,5,4,?,?,5,5,5,4,?,5,5,5,4,5,?,?,?,?,?,?,?,?,?,?,4,4,?,3
0,6,0,3,1,6,2,?,1,4,3,4,4,4,3,4,4,4,4,4,4,4,4,4,2,3,3,3,5,5,5,1,1,4,4,4,2,4,4,5,3,3,3,5,3,3,3,3,4,4,1,4
0,5,0,3,1,6,2,?,0,4,4,3,4,5,4,5,5,4,4,4,3,2,4,?,1,3,4,4,5,5,5,2,2,3,3,4,1,2,1,5,5,5,4,4,5,5,4,4,4,?,3,5
0,2,0,10,1,6,1,3,0,4,4,5,4,3,3,4,4,4,4,3,4,4,3,3,2,3,3,?,4,4,4,4,4,3,3,4,2,2,1,4,2,2,4,2,3,4,2,3,4,4,2,2
0,6,0,4,1,6,2,?,0,4,3,4,4,4,4,5,5,4,3,4,2,4,3,3,1,3,5,3,5,5,5,2,1,4,3,4,2,3,4,5,5,4,3,5,4,3,2,3,4,4,1,3
0,5,1,22,1,6,1,2,0,2,2,2,3,3,3,2,3,2,2,1,5,1,2,3,1,1,3,1,4,4,4,2,2,1,1,2,4,4,2,2,1,1,1,5,3,3,5,1,2,1,1,4
0,3,1,10,1,6,2,?,0,5,5,5,5,5,3,5,4,4,4,4,2,4,4,3,2,2,4,4,4,2,4,3,3,4,2,4,2,3,1,4,3,4,4,4,4,4,4,4,4,4,2,4
0,3,1,20,1,6,1,2,0,3,3,4,5,5,3,4,5,3,3,3,3,2,3,2,1,3,4,3,5,5,5,2,2,4,4,4,1,1,1,4,4,3,3,5,5,3,4,4,4,4,1,3
0,4,0,13,1,6,1,7,0,3,4,3,4,4,4,5,4,3,3,3,4,3,3,3,1,3,4,3,4,4,4,3,3,4,3,5,2,5,1,3,2,4,4,4,4,3,4,4,4,2,2,3
0,6,0,8,1,6,2,?,0,1,2,1,3,3,3,1,2,1,3,1,5,1,1,3,1,1,4,1,4,5,4,1,1,1,1,1,3,4,2,5,5,1,1,2,4,2,5,1,1,4,1,2
0,6,1,25,1,6,1,7,1,3,2,5,5,5,2,3,3,4,4,4,3,4,2,3,3,3,4,3,4,3,4,5,3,4,4,5,2,2,2,4,3,4,4,3,3,3,3,5,3,2,2,3
0,1,0,2,1,6,2,?,0,3,4,4,4,4,3,5,4,3,4,3,3,4,3,3,4,4,3,3,5,5,5,4,3,4,4,4,3,4,3,4,4,5,5,4,3,3,3,5,5,?,3,3
0,6,1,15,1,6,1,2,0,4,4,5,5,3,3,4,4,3,3,3,5,3,3,3,2,3,4,3,5,5,5,2,1,2,3,5,1,1,1,3,1,3,3,2,5,3,3,4,4,4,1,1
0,6,0,10,1,6,2,?,0,4,4,4,5,4,2,3,4,3,3,4,3,3,3,3,2,4,3,4,4,4,5,2,3,2,2,4,3,4,2,4,5,2,3,4,4,3,3,3,3,3,1,3
0,6,0,15,1,6,1,1,0,5,5,5,5,2,4,3,3,4,4,2,5,3,3,3,3,2,4,4,5,5,5,2,2,4,4,4,1,3,4,5,4,4,4,4,4,4,4,4,4,4,2,3
0,6,0,10,1,6,2,?,1,5,4,5,4,5,5,5,5,4,5,3,3,5,4,4,3,2,1,3,5,4,4,3,3,4,4,5,4,5,4,4,1,4,4,4,3,3,5,4,5,5,3,3
0,4,0,8,1,6,2,?,0,3,3,3,5,4,2,5,4,2,2,3,3,1,3,3,1,2,4,4,5,5,5,3,3,3,2,4,1,1,2,3,3,2,1,2,2,2,2,3,4,4,1,2
0,6,0,15,1,6,2,?,0,3,3,2,4,4,3,4,4,3,3,3,4,2,3,2,2,2,3,3,3,3,4,2,2,2,2,4,3,4,3,4,4,3,3,4,4,4,4,2,3,3,2,2
0,6,1,18,1,6,1,2,0,5,5,5,5,5,3,4,3,4,4,4,3,3,3,3,4,2,3,3,4,2,3,3,2,4,4,3,1,1,2,5,3,4,4,3,3,3,3,2,3,2,1,1
0,6,0,16,1,6,2,?,0,3,4,3,4,4,?,3,3,3,3,3,4,2,?,?,1,2,?,?,4,4,4,2,1,4,4,4,3,2,1,4,4,3,3,4,4,4,3,3,3,3,1,3
0,5,0,10,1,6,2,?,0,2,2,2,4,5,1,2,3,2,3,3,2,2,2,2,1,1,3,1,3,3,3,2,2,2,1,3,2,1,1,4,4,2,1,2,2,2,1,1,2,1,1,1
0,6,1,11,1,6,1,7,0,3,3,3,5,4,3,4,4,4,4,3,2,3,2,3,1,3,5,3,4,5,5,1,2,3,3,4,1,2,1,4,1,3,3,4,4,3,4,2,4,3,1,4
0,6,1,6,1,6,2,?,1,3,2,3,3,5,4,4,4,3,3,4,5,3,4,4,3,4,3,2,4,5,4,2,4,3,3,2,5,5,4,5,4,4,4,4,3,4,4,3,2,4,2,5
0,4,0,10,1,6,2,?,1,3,3,4,3,3,3,4,4,2,3,2,5,2,3,3,1,2,3,3,5,5,5,3,2,4,3,?,2,2,2,2,2,3,3,3,3,3,3,3,2,4,2,3
0,2,1,5,1,6,1,7,0,2,4,3,4,4,2,3,4,3,4,3,2,4,4,2,3,4,3,2,5,5,5,4,4,5,5,4,2,5,4,4,3,4,4,4,3,2,4,4,3,3,1,4
0,6,0,3,1,6,2,?,1,5,5,5,3,5,4,5,4,4,4,5,5,3,5,3,1,3,4,2,5,5,5,5,5,4,4,4,5,5,5,3,1,5,5,4,1,3,5,5,5,5,5,1
0,6,1,4,1,6,2,?,1,2,2,2,5,4,5,4,4,2,3,3,5,1,1,2,1,2,2,4,5,5,5,1,1,2,2,3,3,5,4,2,2,2,2,2,2,2,2,2,5,5,3,2
0,4,0,12,1,6,2,?,0,2,2,3,3,3,3,3,3,2,2,2,2,2,2,2,1,2,2,2,2,2,2,2,1,1,1,2,1,2,1,2,2,1,2,1,1,1,1,1,1,1,1,1
0,6,0,10,1,6,2,?,0,2,2,3,5,4,3,4,3,3,3,4,5,3,2,3,2,3,4,3,4,4,4,1,1,2,2,3,2,2,2,3,3,3,3,2,3,2,2,2,4,4,1,2
0,6,0,10,1,6,2,?,0,2,3,3,5,4,3,4,3,3,3,3,3,2,2,1,1,2,4,2,4,4,4,1,1,1,2,3,2,4,2,4,4,2,2,4,3,4,4,2,2,3,1,1
0,6,1,14,1,6,1,2,0,4,4,3,5,4,?,4,4,4,3,3,4,3,3,?,1,3,5,3,5,3,5,2,1,4,3,4,1,1,2,2,2,3,2,3,3,2,1,3,3,5,1,1
0,4,1,14,1,6,1,2,0,2,3,3,5,4,2,4,3,4,4,3,2,4,3,3,2,2,4,1,5,4,4,2,2,3,2,3,1,2,2,4,3,2,2,4,3,3,4,4,3,4,2,2
0,2,1,22,1,6,1,2,0,3,4,4,5,4,3,4,4,5,5,5,2,5,2,3,2,5,5,4,5,5,5,1,1,3,4,5,1,1,2,5,4,4,4,2,5,5,3,4,3,3,1,2
0,4,1,23,1,6,1,1,0,3,3,3,4,4,4,3,3,3,3,3,3,3,4,2,2,2,3,2,4,3,3,1,1,3,3,3,2,2,3,2,1,2,3,4,4,3,4,2,4,3,1,1
0,1,0,20,1,6,1,7,0,4,3,4,5,4,5,4,4,3,4,3,3,4,3,3,1,2,3,4,4,4,5,3,3,3,4,4,1,2,2,4,3,3,3,3,3,3,3,3,4,4,1,5
0,5,0,15,1,6,2,?,0,3,3,3,3,3,1,3,3,2,2,2,3,3,3,?,1,1,1,2,2,2,5,1,?,2,1,2,1,1,1,3,2,2,2,3,3,5,4,1,1,2,1,2
0,6,0,4,1,6,2,?,0,2,4,4,4,4,4,4,4,2,2,2,1,4,4,2,4,1,2,2,5,4,5,1,1,2,2,4,5,5,4,5,5,3,4,2,5,5,5,2,4,4,1,2
0,4,0,3,1,6,2,?,1,5,5,5,5,5,5,5,5,4,3,2,4,4,3,?,5,2,5,3,5,5,5,5,1,4,4,4,1,1,1,3,3,5,5,4,4,4,5,5,5,5,5,2
0,?,1,21,1,6,2,?,0,4,4,4,4,4,4,4,4,4,4,4,3,4,4,3,4,3,3,3,4,5,5,3,3,4,4,4,5,5,5,4,4,4,4,2,2,2,5,4,4,4,3,4
0,6,1,9,1,6,1,4,0,4,4,4,5,4,3,3,3,4,4,2,2,3,2,2,2,2,4,3,4,5,4,2,2,4,2,4,3,3,2,4,3,4,4,4,4,3,3,3,3,2,1,2
0,4,0,2,1,6,2,?,0,3,3,4,3,3,3,4,3,3,3,3,2,3,3,2,2,4,3,3,4,3,3,1,1,3,2,3,2,1,1,4,2,2,3,3,3,3,3,3,3,3,1,1
0,5,0,8,1,6,2,?,0,3,4,3,4,?,2,4,3,3,3,2,4,2,3,2,2,2,3,3,3,4,4,2,1,2,2,3,2,2,2,4,4,3,3,4,4,3,3,3,3,4,1,2
0,4,1,24,1,6,1,1,0,2,2,2,4,4,4,2,3,3,3,2,4,2,1,3,1,1,2,1,3,1,4,1,1,1,1,1,3,3,1,3,4,2,1,4,2,2,2,1,3,3,1,2
0,6,1,15,1,6,1,3,0,5,4,5,5,5,5,5,5,5,5,5,3,4,5,5,1,3,1,2,5,5,5,1,1,1,1,5,1,2,5,2,1,3,3,?,?,?,?,2,4,5,1,1
0,6,1,18,1,6,1,2,0,3,3,3,5,4,?,4,4,4,4,3,3,3,3,?,?,3,4,3,4,4,?,?,?,?,?,3,?,?,?,5,4,?,?,?,?,?,?,4,?,4,?,?
0,5,0,10,1,6,2,?,0,3,3,3,4,4,3,3,3,4,4,4,3,3,3,3,1,3,3,3,4,4,4,1,1,2,2,3,1,2,1,4,3,3,3,4,4,4,4,2,2,2,1,1
0,5,0,12,1,6,1,7,0,2,3,1,3,2,5,4,3,2,5,4,5,5,5,3,1,1,2,1,4,5,3,1,1,1,1,1,1,1,2,4,2,1,1,5,4,3,3,1,2,3,1,1
0,5,0,8,1,6,2,?,0,3,3,3,5,3,2,4,5,5,5,4,2,4,4,4,1,3,3,2,5,5,5,1,1,2,2,4,1,1,1,4,3,4,3,5,4,4,4,3,3,3,1,2
0,1,0,8,1,6,2,?,0,2,2,3,3,3,3,4,3,3,3,2,3,3,4,4,2,2,4,2,4,5,5,2,1,2,2,2,2,3,2,4,3,3,3,5,5,5,5,4,4,4,1,3
0,4,0,13,1,6,2,?,0,4,3,4,3,3,4,3,?,4,4,4,3,3,3,4,3,3,3,3,3,3,3,3,3,3,3,4,3,3,3,2,2,3,3,4,4,4,4,3,4,?,3,2
0,4,0,8,1,6,2,?,0,3,2,3,4,4,4,2,3,3,2,3,3,3,4,3,2,4,4,4,4,4,5,3,2,3,3,4,2,5,4,3,3,3,4,?,2,2,2,3,4,2,2,4
0,6,0,12,1,6,1,7,0,3,4,4,5,5,3,4,3,2,3,2,3,2,3,3,1,3,3,3,5,4,4,2,1,3,3,4,1,2,1,3,1,2,3,4,2,5,3,3,4,4,1,1
0,5,1,16,1,6,1,2,0,4,3,3,3,5,4,5,5,3,3,3,4,4,3,4,1,1,2,1,4,4,4,1,1,1,1,3,1,1,1,1,1,1,1,3,2,2,5,1,3,4,1,1
0,6,1,35,1,6,1,2,0,2,3,3,4,4,2,3,3,3,3,2,3,3,2,2,1,2,4,3,4,?,4,2,1,3,2,3,1,3,4,4,4,3,3,3,4,3,5,3,3,3,1,2
0,5,1,?,1,6,1,2,0,4,4,4,5,5,?,5,5,4,4,4,4,4,4,4,1,3,2,4,4,4,4,1,2,2,1,4,1,1,1,4,4,2,2,3,2,4,5,3,5,5,?,2
0,1,1,7,1,6,2,?,0,3,4,4,4,4,4,5,4,3,3,2,2,3,3,3,1,2,2,4,3,4,4,2,1,3,2,4,1,2,1,5,5,3,3,4,4,4,4,4,5,5,1,1
0,6,0,6,1,6,2,?,0,5,3,4,5,4,3,5,4,4,5,4,2,5,3,4,4,2,2,3,5,5,5,3,1,4,5,4,5,5,5,3,2,4,5,3,3,4,2,5,5,5,2,1
0,6,0,12,1,6,2,?,0,4,4,5,5,4,4,4,4,4,4,4,2,3,4,4,4,3,4,4,4,4,4,2,4,4,4,4,4,4,2,5,5,4,4,5,5,5,5,3,4,5,1,4
0,6,1,18,1,6,1,3,0,3,3,5,5,5,3,4,4,4,4,4,3,4,3,3,3,3,3,3,5,5,5,1,1,3,2,3,1,3,2,4,2,3,3,4,4,4,4,5,4,4,1,3
0,5,1,15,1,6,1,1,0,4,3,3,5,4,3,4,4,3,3,3,5,2,2,3,2,1,2,1,3,3,3,1,1,2,2,3,2,2,2,2,1,1,3,3,3,3,3,3,1,5,1,1
0,6,0,9,1,6,2,?,0,4,3,3,4,4,3,4,3,4,4,3,5,4,3,3,1,3,4,3,5,4,5,2,1,2,1,3,1,2,1,4,4,2,2,4,5,5,4,2,2,4,1,2
0,5,0,?,1,6,1,7,0,2,2,2,3,3,3,3,?,2,3,2,5,3,2,2,2,2,4,2,3,4,4,1,1,2,2,2,4,4,3,3,4,2,2,5,5,5,3,2,2,4,?,2
0,1,0,4,1,6,1,7,0,3,2,2,4,4,?,4,4,2,3,3,4,1,1,2,1,?,4,?,3,5,5,2,2,1,1,2,1,2,2,4,2,1,2,3,3,3,3,3,4,4,1,4
0,1,1,11,1,6,1,4,0,4,3,3,5,5,4,5,5,2,3,3,3,2,4,3,1,2,3,4,5,5,4,2,1,2,2,3,1,3,2,4,3,3,3,4,4,3,2,4,5,5,1,1
0,4,0,9,1,6,2,?,0,4,4,5,4,4,3,5,5,4,4,?,3,4,3,3,3,4,5,5,5,5,5,4,1,5,5,5,4,3,1,5,5,5,5,4,5,5,4,5,5,5,1,4
0,6,0,3,1,6,2,?,0,3,3,3,3,3,3,3,3,3,3,3,3,3,3,3,3,3,3,3,3,?,4,3,3,3,3,3,3,3,3,3,3,3,3,3,4,3,3,3,3,3,3,4
0,1,1,12,1,6,1,2,0,2,3,2,2,3,4,4,4,2,3,4,5,3,4,3,2,4,4,4,2,2,2,2,3,2,1,3,1,1,1,3,4,2,2,3,3,3,3,3,2,4,3,2
0,4,0,10,1,6,2,?,0,3,3,3,3,3,3,3,3,3,3,3,3,3,3,3,3,3,3,3,3,3,3,3,3,3,3,3,3,3,3,4,4,3,3,3,4,3,4,3,3,3,3,3
0,4,0,4,1,6,2,?,0,2,3,3,4,4,4,5,5,3,4,4,3,4,3,4,5,3,2,3,5,5,5,3,1,3,3,5,5,3,5,3,3,3,5,5,3,5,3,5,5,3,1,5
0,6,1,6,1,6,2,?,0,4,3,4,5,5,5,5,5,4,4,3,3,2,3,3,1,2,2,4,5,5,5,1,1,3,4,4,5,5,5,4,5,3,3,5,5,5,5,5,5,5,4,5
0,4,1,10,1,6,1,2,1,5,4,5,5,5,4,5,4,3,4,4,2,2,2,5,1,5,5,5,5,5,5,5,4,5,5,5,5,5,5,3,3,5,5,3,4,4,3,5,5,3,4,5
0,4,1,23,1,6,1,2,0,3,3,2,4,3,?,4,4,4,3,2,3,4,?,?,3,3,3,3,5,5,5,2,2,3,3,3,4,4,4,4,4,3,3,5,4,3,4,3,4,3,1,4
0,6,0,10,1,6,1,3,0,2,3,2,2,2,3,3,2,1,1,1,1,2,3,2,1,1,1,1,5,4,4,1,2,1,1,1,4,5,3,5,1,3,1,5,5,5,5,3,3,3,2,1
0,6,1,13,1,6,1,6,0,2,2,2,4,3,?,2,2,4,4,3,4,3,2,?,1,1,2,2,4,3,4,1,1,2,1,2,1,3,1,1,1,2,2,?,?,?,?,1,2,2,1,1
0,3,0,10,1,6,1,2,1,3,4,3,5,5,3,4,4,4,4,4,3,3,4,2,2,4,4,4,4,3,5,2,4,4,4,4,1,2,2,4,5,3,3,4,2,5,3,2,3,3,1,3
0,1,0,6,1,6,2,?,0,2,2,3,5,5,5,3,5,2,3,3,3,3,4,4,1,2,2,2,5,4,5,1,1,1,1,2,3,4,4,4,4,1,2,5,3,3,4,2,2,3,1,4
0,6,0,7,1,6,2,?,1,4,3,4,5,5,4,5,4,3,4,4,2,3,3,3,4,3,4,3,4,4,5,3,2,4,4,3,2,2,2,5,5,3,3,5,2,2,3,3,4,4,2,3
0,4,1,12,1,6,2,?,0,5,5,3,4,4,5,5,4,3,3,3,4,4,4,4,1,4,4,4,5,5,5,2,2,2,1,5,2,3,1,3,1,2,2,4,3,3,4,4,4,4,2,1
0,2,0,3,1,6,2,?,0,2,2,2,3,4,4,4,4,2,2,2,3,2,2,2,2,2,3,2,3,3,3,2,2,2,2,3,2,2,3,4,3,2,2,3,2,2,3,2,2,2,2,2
0,6,1,14,1,6,1,2,0,2,2,2,4,4,4,3,3,2,2,2,1,3,2,2,1,1,1,2,5,5,5,1,2,2,2,2,3,3,2,1,1,2,2,5,3,2,4,2,4,5,3,3
0,2,0,6,1,6,2,?,0,5,4,4,5,5,3,4,4,4,4,4,2,4,4,3,4,4,5,4,5,5,5,4,3,4,4,5,2,2,1,5,3,5,4,4,4,4,4,4,4,4,1,4
0,4,0,12,1,6,2,?,1,4,4,4,5,4,3,4,4,3,3,3,3,3,3,3,3,3,3,3,3,3,3,3,3,3,3,3,4,4,4,3,3,3,3,3,3,3,3,4,4,3,3,4
0,6,1,27,1,6,1,1,0,3,4,4,5,4,?,3,3,4,4,3,?,3,3,?,2,2,4,?,4,4,4,1,1,2,2,4,2,2,2,4,4,?,3,2,3,2,4,1,1,2,1,1
0,5,0,3,1,6,2,?,0,5,5,5,5,5,5,5,5,4,5,4,4,5,5,5,5,5,5,5,5,5,5,4,4,5,5,5,5,5,5,5,5,5,5,5,2,5,4,3,4,5,2,4
0,3,1,4,1,6,1,7,0,3,4,5,4,4,3,5,5,4,4,2,4,4,3,3,1,3,2,3,4,3,4,3,1,4,4,4,4,3,1,2,1,3,3,5,3,3,4,4,5,5,1,2
0,1,0,3,1,6,2,?,0,5,5,5,5,5,3,5,5,4,4,4,2,5,5,4,3,4,5,5,5,5,5,3,3,4,4,5,1,2,1,?,?,4,4,3,3,3,3,5,5,5,1,3
0,4,0,?,1,6,1,7,0,2,2,3,5,4,4,4,4,3,3,2,4,3,2,3,3,3,4,2,5,5,5,2,1,2,2,2,1,2,5,2,2,2,2,4,2,2,4,4,4,4,1,4
0,6,1,10,1,6,1,2,0,3,2,2,3,3,3,4,3,2,2,2,5,1,2,3,1,2,1,2,4,4,4,1,1,1,2,3,1,2,2,2,1,2,2,3,3,3,4,1,3,3,1,2
0,1,1,10,1,6,2,?,1,5,5,5,5,5,5,5,5,5,4,4,3,4,4,2,2,2,4,3,5,5,5,3,3,4,4,3,4,5,4,5,4,4,4,5,4,5,5,4,4,4,4,4
0,6,0,7,1,6,2,?,0,1,1,1,4,2,?,3,1,1,3,2,3,1,1,3,1,2,1,?,4,4,4,1,1,1,1,1,2,4,1,3,3,1,1,4,2,1,2,1,1,3,1,1
0,6,0,18,1,6,2,?,0,4,4,5,4,4,3,4,5,4,4,3,3,5,4,5,5,3,4,3,5,5,5,3,2,4,4,5,3,4,3,5,3,4,5,4,3,3,4,4,3,3,1,5
0,5,0,8,1,6,?,?,1,3,3,3,5,4,3,3,4,3,4,3,4,3,3,3,2,3,4,3,4,4,4,2,2,2,2,3,3,3,2,4,4,3,3,4,3,4,4,2,3,4,2,2
0,6,0,20,1,6,1,7,0,2,2,2,4,3,2,3,3,3,3,3,4,2,1,3,1,2,4,1,4,2,3,1,1,1,1,1,3,2,4,3,1,1,1,2,4,1,2,1,3,4,1,1
0,4,1,10,1,6,2,?,1,4,5,4,4,5,3,4,5,4,3,4,2,3,3,3,5,3,4,4,5,4,5,4,4,4,3,5,4,4,2,?,?,?,?,3,2,2,4,5,4,5,2,2
0,6,0,?,1,6,2,?,0,4,4,4,5,5,5,4,5,4,4,4,2,3,4,3,3,2,4,4,5,5,5,3,4,3,4,4,3,5,4,5,3,4,4,5,4,5,5,5,5,5,2,5
0,6,1,7,1,6,1,7,0,3,4,2,5,4,5,5,5,1,2,2,5,1,4,5,1,1,1,3,5,5,5,1,2,1,1,1,4,5,5,5,3,3,3,5,4,4,5,2,4,4,3,2
0,6,1,8,1,6,2,?,0,3,3,4,5,5,2,5,4,4,5,4,2,4,3,2,2,2,3,1,4,4,4,3,3,3,3,3,2,3,2,5,3,3,3,3,4,3,2,3,3,3,2,3
0,6,1,5,1,6,1,7,0,3,3,3,5,4,4,5,5,3,2,2,3,3,3,3,1,3,3,3,4,4,5,3,3,3,2,4,2,4,2,3,3,3,2,4,3,2,2,3,3,4,4,2
0,2,1,5,1,6,2,?,0,2,2,1,3,2,2,3,2,1,1,1,4,1,2,2,1,1,1,1,2,1,2,1,1,1,1,1,1,1,2,2,1,1,1,1,1,1,1,1,1,1,1,1
0,5,0,2,1,6,2,?,0,3,3,3,5,5,4,4,4,3,2,2,4,3,3,4,1,2,2,3,5,5,5,1,1,3,3,3,1,4,1,5,3,3,3,5,5,5,5,3,3,4,1,3
0,4,0,5,1,6,2,?,0,2,4,4,4,4,4,4,3,3,4,4,3,4,4,3,3,4,4,3,4,5,4,2,2,4,4,4,2,2,2,3,3,4,4,4,3,4,4,4,4,4,2,4
0,2,0,10,1,6,2,?,1,4,4,5,4,4,4,4,4,3,4,3,2,4,4,4,3,3,4,4,5,5,5,4,3,4,4,4,4,4,5,4,3,4,4,4,4,3,4,5,5,5,3,5
0,1,0,3,1,6,2,?,0,3,2,4,5,5,5,5,5,4,4,3,3,3,3,2,1,3,3,4,5,5,5,2,1,3,1,3,5,5,3,3,4,2,4,4,4,4,3,3,5,4,2,1
0,4,0,1,1,6,2,?,0,1,3,2,5,5,5,2,5,2,2,3,3,1,3,3,2,2,5,3,5,4,4,2,2,3,3,3,2,3,1,4,3,3,3,4,4,4,4,2,3,4,2,2
0,6,0,4,1,6,2,?,1,3,3,3,4,4,4,5,5,4,4,4,3,3,4,5,3,2,2,2,5,5,5,2,1,2,2,3,5,5,4,3,1,4,4,3,3,3,4,4,4,4,2,1
0,3,1,8,1,6,1,5,0,3,2,2,3,4,4,3,3,3,3,1,4,2,2,3,1,1,3,2,4,4,4,1,1,2,2,2,1,2,1,3,2,1,1,3,3,3,2,3,4,2,1,1
0,2,1,23,1,6,1,2,0,4,3,4,4,4,?,4,4,4,4,4,2,2,?,?,1,1,3,1,3,3,4,1,1,3,2,4,1,1,3,2,2,2,2,5,5,5,5,1,3,4,1,1
0,5,0,7,1,6,2,?,0,2,2,2,4,4,4,3,3,3,3,3,4,2,2,2,1,3,4,2,3,2,4,1,1,1,1,2,2,2,2,4,3,2,3,3,4,3,3,2,2,3,1,5
0,2,0,4,1,6,2,?,0,3,3,3,5,4,3,5,5,4,5,2,3,4,3,3,3,3,3,3,5,5,5,2,1,3,4,4,5,5,5,3,3,4,4,5,5,5,5,2,2,4,1,3
0,6,0,3,1,6,2,?,1,5,5,5,5,5,3,5,5,?,?,?,?,?,?,?,2,2,3,3,5,5,5,4,2,3,3,4,3,3,2,4,4,4,5,5,5,4,5,5,5,5,3,1
0,1,0,7,1,6,2,?,1,2,3,4,?,5,5,4,5,4,4,4,4,5,3,4,4,3,4,5,5,5,5,4,4,4,4,4,3,3,3,5,5,4,4,5,3,5,3,4,5,5,3,2
0,6,0,2,1,6,2,?,0,3,4,3,1,2,3,1,2,?,?,?,?,?,?,?,4,3,3,3,1,1,1,5,5,4,4,4,4,2,4,4,4,3,4,1,1,1,1,2,2,2,5,2
0,6,1,6,1,6,1,2,0,4,3,4,5,4,4,2,4,4,3,3,2,4,3,2,2,1,2,2,4,5,5,4,2,3,4,4,3,4,4,4,5,4,4,3,4,4,5,4,4,5,3,2
0,6,0,6,1,6,2,?,1,3,4,5,4,4,3,4,4,4,4,3,3,4,4,4,3,3,4,3,5,5,5,3,4,5,5,5,1,4,1,2,3,5,?,3,3,4,4,3,3,4,1,4
0,4,1,12,1,6,1,2,0,5,5,5,5,5,3,5,5,5,5,4,3,4,3,3,1,4,5,4,5,5,5,3,1,5,3,5,1,2,2,4,2,4,4,4,4,4,5,3,5,5,1,4
0,6,0,5,1,6,2,?,0,2,2,3,4,4,2,5,4,2,2,3,5,1,3,2,3,2,3,3,3,3,4,2,2,2,2,4,2,5,2,4,4,3,3,3,3,4,4,3,4,4,1,4
0,1,0,15,1,6,2,?,0,5,3,5,5,5,5,5,5,4,4,2,5,3,3,3,1,3,3,3,5,5,5,3,5,5,5,5,5,5,3,5,3,5,5,5,5,5,3,5,5,5,3,5
0,6,0,6,1,6,1,6,0,1,1,2,5,5,3,1,3,3,3,2,3,3,1,1,1,3,4,4,5,5,5,1,1,1,1,1,5,5,5,5,1,1,1,1,1,1,1,1,3,5,1,5
0,1,1,18,1,6,1,2,0,2,2,4,5,4,4,4,4,4,3,3,4,2,3,3,1,2,1,2,5,3,5,1,1,2,3,4,5,5,4,2,4,4,3,3,2,2,2,4,5,3,4,1
0,6,1,8,1,6,2,?,0,2,3,2,5,4,3,4,4,3,3,4,2,3,3,2,2,1,4,2,5,4,5,2,1,2,1,3,1,3,2,4,4,1,2,4,2,3,4,2,4,5,1,2
0,6,1,10,1,6,2,?,0,2,3,3,4,5,3,4,4,3,3,3,2,?,2,3,1,2,4,3,5,5,4,2,2,2,2,2,4,4,4,4,4,3,3,4,3,2,4,4,5,5,1,3
0,6,0,6,1,6,1,7,0,3,3,4,5,5,5,4,4,4,5,3,2,4,4,4,2,2,3,2,5,5,5,3,3,3,3,4,5,5,5,4,4,4,4,4,3,5,5,4,5,5,1,?
0,6,0,8,1,6,2,?,0,4,4,4,4,4,3,4,4,3,3,3,4,3,3,3,2,2,4,3,4,3,5,2,3,3,3,3,2,2,2,4,4,3,4,4,4,3,3,3,4,5,1,3
0,1,0,4,1,6,2,?,1,4,4,4,5,4,4,4,5,3,5,4,4,4,4,5,4,3,1,2,5,5,5,3,4,5,5,3,4,5,5,?,?,?,?,?,?,?,?,4,4,4,3,4
0,4,0,6,1,6,2,?,0,4,4,3,5,4,3,4,4,4,3,4,2,3,3,3,1,3,3,3,4,4,5,1,2,2,2,4,2,2,1,4,3,3,2,1,4,3,2,4,5,3,1,1
0,2,1,26,1,6,1,2,0,3,3,4,5,5,3,4,4,4,4,3,3,4,3,3,1,3,4,3,5,5,4,2,1,4,3,4,1,3,2,3,3,4,3,4,4,4,3,4,4,5,1,1
0,6,1,12,1,6,1,2,0,1,2,2,5,3,3,2,2,1,1,1,2,1,2,2,1,1,4,1,4,5,4,1,1,1,1,1,4,5,5,5,3,1,1,3,1,2,2,1,1,4,1,1
0,5,1,25,1,6,1,1,0,4,3,5,5,4,4,4,4,2,3,2,2,2,3,4,1,1,3,?,3,2,5,2,1,2,2,4,1,3,2,2,1,3,3,3,2,2,4,3,2,3,1,4
0,1,0,11,1,6,2,?,1,3,4,5,5,4,4,5,5,4,4,2,5,4,3,4,1,3,4,4,5,5,5,2,3,4,4,5,2,3,1,4,4,4,4,2,2,4,4,4,5,5,3,2
0,3,1,7,1,6,1,7,0,2,1,3,5,3,4,3,3,2,3,2,5,2,1,3,1,1,4,3,4,2,4,2,1,1,1,1,2,2,3,4,3,1,2,1,1,2,1,1,1,2,1,1
0,4,0,1,1,6,2,?,1,5,4,5,4,5,4,4,4,4,5,4,4,3,3,3,4,4,4,4,5,5,5,3,3,3,3,4,4,3,3,5,3,3,4,4,3,3,3,3,4,4,3,2
0,5,1,6,1,6,2,?,0,3,4,3,4,4,5,5,5,3,3,3,3,3,4,3,3,1,5,1,5,5,5,2,2,3,1,4,4,4,3,5,5,5,5,5,3,5,5,2,4,4,1,3
0,6,1,25,1,6,1,1,0,4,4,4,4,4,4,3,4,3,3,3,3,?,3,?,3,2,2,3,3,5,5,3,5,4,3,4,5,3,5,5,5,4,4,5,5,5,5,4,4,1,?,3
0,6,1,10,1,6,1,7,0,2,2,2,5,3,3,2,5,3,3,3,5,3,3,3,1,1,3,3,5,5,5,1,1,1,1,1,1,3,2,5,5,3,2,3,3,2,2,1,3,4,1,4
0,6,0,10,1,6,1,6,0,3,3,3,5,4,4,4,4,3,3,3,4,?,3,3,3,3,3,3,3,3,3,2,1,3,3,3,3,3,3,3,3,3,3,4,4,4,4,1,2,3,2,1
0,6,0,4,1,6,2,?,0,2,2,3,4,4,3,3,4,4,3,3,4,3,4,3,2,2,4,3,5,5,5,2,1,1,2,2,2,3,1,4,4,2,2,3,4,4,4,2,4,4,1,4
0,5,1,10,1,6,1,2,1,4,4,3,4,3,2,4,3,2,3,2,3,3,3,3,1,2,2,2,4,4,4,3,4,2,2,4,1,4,4,3,5,3,3,4,2,3,5,3,3,3,2,3
0,6,0,7,1,6,2,?,0,3,3,4,3,3,2,3,3,2,2,2,4,2,2,2,2,5,4,?,2,2,4,1,1,2,2,2,?,2,2,5,5,4,4,3,3,3,3,2,2,2,1,1
0,4,0,4,1,6,2,?,0,4,3,4,3,2,2,3,3,4,4,3,3,4,3,3,4,4,5,4,5,5,5,2,2,4,4,5,2,4,3,5,5,5,5,4,4,3,3,4,4,2,1,4
0,5,0,20,1,6,2,?,0,3,2,2,3,3,3,3,3,4,3,3,3,4,3,3,3,4,3,3,2,3,3,3,3,4,3,2,4,4,4,2,2,3,3,3,3,2,3,3,2,3,2,3
0,6,1,12,1,6,2,?,0,4,4,4,4,4,4,4,4,3,3,3,4,3,4,4,3,3,4,3,5,5,5,3,2,3,3,4,5,5,5,3,2,3,3,4,4,4,4,4,4,5,3,2
0,4,1,18,1,6,1,3,0,3,2,3,3,3,3,2,2,3,4,2,2,2,1,2,2,2,4,2,2,2,3,3,1,3,2,2,1,1,1,2,1,1,1,1,2,3,2,3,2,2,1,1
0,4,0,4,1,6,2,?,0,5,5,5,?,5,5,5,5,5,5,5,1,5,5,5,1,5,5,5,5,5,5,5,5,5,5,5,5,5,5,5,1,5,5,5,5,5,5,5,5,5,1,1
0,1,1,5,1,6,2,?,0,2,3,3,4,4,4,3,2,3,3,3,3,2,2,2,1,2,4,2,4,3,4,2,?,2,2,2,2,1,2,4,3,2,2,3,3,3,2,3,3,2,1,2
0,1,1,6,1,6,2,?,0,1,1,2,5,3,3,2,3,2,2,2,5,1,3,3,1,3,1,3,5,5,5,1,2,2,1,3,1,1,3,5,5,2,1,5,3,5,5,2,1,3,1,2
0,4,0,5,1,6,2,?,1,5,5,5,5,5,5,5,5,5,5,5,5,5,5,5,5,5,5,5,5,5,5,5,5,5,5,5,5,5,5,5,5,5,5,5,5,5,5,5,5,5,5,5
0,6,0,3,1,6,2,?,1,5,3,4,3,4,1,2,2,1,2,3,4,1,3,4,1,2,2,2,4,2,5,1,2,2,2,3,3,4,1,2,2,2,2,5,3,5,5,4,4,4,2,2
0,6,1,7,1,6,2,?,0,5,5,5,5,2,?,?,3,2,2,2,5,3,4,1,1,1,2,?,5,5,5,2,1,3,?,1,1,1,3,5,1,3,1,1,1,3,3,3,2,5,1,1
0,6,1,10,1,6,2,?,0,1,2,3,5,3,5,4,3,3,3,2,4,3,2,3,1,4,5,3,5,5,5,1,1,2,2,3,1,2,4,5,5,2,2,2,2,3,2,2,4,3,3,2
0,4,0,5,1,6,2,?,0,4,4,5,4,4,3,4,4,3,3,3,2,3,3,3,5,3,2,3,4,4,4,4,3,4,4,4,1,3,4,5,3,4,4,4,4,4,5,5,4,4,1,1
0,6,1,5,1,6,1,4,0,2,2,2,4,4,?,4,3,4,4,2,4,3,2,?,1,3,2,?,4,4,4,2,1,1,2,4,2,2,2,1,1,2,?,4,3,4,4,2,3,4,1,1
0,6,1,12,1,6,1,2,0,3,4,3,4,4,3,3,3,3,3,2,1,2,3,3,1,2,2,3,2,3,4,1,2,3,3,3,1,1,1,2,1,2,2,4,3,3,5,2,2,4,1,2
0,6,0,5,1,6,1,7,0,4,4,4,4,4,4,4,4,4,4,4,4,4,4,4,4,4,4,4,4,4,4,4,4,4,4,4,4,4,4,4,4,4,4,4,4,4,4,4,4,4,4,4
0,6,0,1,1,6,2,?,0,3,4,2,3,2,4,4,3,3,3,2,2,2,3,2,2,2,2,2,3,3,3,3,3,3,3,3,2,2,2,5,4,3,3,5,4,4,4,3,3,4,2,2
0,1,0,8,1,6,2,?,1,4,3,4,5,5,4,5,4,4,4,3,4,3,4,3,3,3,4,4,5,5,5,3,2,4,3,4,3,4,4,5,5,4,4,5,2,3,5,2,3,4,3,4
0,4,1,22,1,6,1,2,0,4,3,4,4,4,3,3,4,3,4,2,4,3,4,3,2,2,3,3,4,3,4,2,1,2,2,3,1,4,2,3,4,2,2,3,3,2,2,3,3,3,2,4
0,6,0,5,1,6,2,?,1,3,2,3,5,4,4,4,4,4,4,4,3,4,4,4,2,2,5,2,5,5,5,1,1,4,4,4,5,5,5,5,3,3,4,5,5,4,5,4,?,5,1,1
0,6,1,3,1,6,1,3,0,5,5,5,5,5,5,3,5,3,4,3,3,3,4,4,3,3,3,4,4,4,4,1,1,2,2,4,3,3,3,4,5,4,3,3,4,4,2,2,5,5,1,4
0,5,1,8,1,6,1,7,0,4,4,4,5,4,4,4,4,3,3,4,5,3,3,2,1,4,2,4,5,5,5,1,1,4,4,4,?,2,1,5,4,4,4,5,5,5,5,4,5,3,1,1
0,2,0,3,1,6,2,?,0,4,4,4,5,4,4,5,4,3,4,3,3,3,2,2,2,3,3,3,4,4,5,2,3,4,4,4,2,3,1,4,?,?,?,?,?,?,?,4,4,4,2,1
0,2,0,1,1,6,2,?,0,4,3,3,4,5,4,5,5,4,4,2,5,3,4,3,1,2,3,3,5,5,5,1,1,2,2,2,1,3,2,5,3,3,2,5,4,3,2,1,4,3,1,4
0,4,1,12,1,6,1,6,0,5,5,5,5,5,4,5,5,4,5,4,3,4,4,4,1,2,2,1,5,5,5,3,1,5,3,5,1,5,5,4,1,3,3,3,4,3,4,4,4,4,1,2
0,1,0,9,1,6,1,6,0,2,2,1,5,5,3,4,4,3,3,3,5,3,?,?,1,2,3,1,3,3,4,1,1,1,1,2,2,4,2,3,4,2,2,4,5,5,3,2,2,3,1,4
0,4,0,2,1,6,2,?,0,5,5,5,5,3,3,4,4,4,4,4,4,5,3,4,3,5,4,5,5,5,5,1,1,3,3,5,2,2,1,5,5,3,2,3,3,3,3,4,5,5,1,2
0,5,0,4,1,6,2,?,0,5,5,5,5,5,5,5,5,3,3,3,5,3,3,3,3,3,3,1,5,5,5,1,1,3,3,3,1,1,1,3,3,3,3,5,5,5,5,1,1,1,1,1
0,4,0,11,1,6,2,?,0,2,3,3,5,4,4,2,4,3,3,3,3,3,3,4,4,4,4,4,5,5,5,2,2,3,3,4,2,2,2,3,3,3,3,5,4,4,4,3,3,3,2,2
0,5,1,25,1,6,1,1,0,4,4,4,4,4,?,4,4,3,3,3,3,3,3,3,3,2,2,2,3,4,4,3,3,3,3,3,3,4,4,4,4,3,3,4,3,3,3,3,3,3,3,3
0,5,1,15,1,6,1,2,0,2,3,3,5,3,3,4,4,3,3,2,2,3,3,2,1,2,3,4,5,5,5,2,3,3,2,3,4,4,4,4,4,2,3,3,4,4,4,3,4,4,1,3
0,2,1,5,1,6,2,?,0,3,3,4,5,3,4,4,3,4,4,3,4,2,3,2,1,3,4,3,3,3,4,1,2,2,2,4,1,4,1,4,2,2,3,3,3,3,3,2,3,4,1,4
0,4,0,3,1,6,1,6,0,2,1,1,3,2,4,3,2,1,1,2,2,1,1,2,1,2,4,4,1,1,1,2,1,1,1,1,2,1,1,2,4,1,3,1,1,2,?,1,1,1,3,2
0,6,1,16,1,6,1,2,0,3,4,4,5,4,?,4,5,4,4,3,4,3,?,?,2,3,2,3,5,5,5,1,1,4,4,5,1,5,5,1,1,4,4,5,3,2,3,4,5,5,1,1
0,1,1,5,1,6,2,?,0,4,4,4,4,3,3,3,4,3,4,3,3,3,3,3,2,3,2,2,4,4,5,3,3,4,4,3,2,3,3,4,2,4,3,3,3,3,3,3,3,4,3,4
0,5,1,10,1,6,1,7,1,3,3,2,5,4,2,4,4,2,2,2,4,3,3,2,1,3,5,3,5,5,5,1,1,2,2,4,3,5,5,5,5,3,2,3,2,4,3,3,4,3,1,4
0,1,0,3,1,6,2,?,0,3,3,4,4,4,2,4,4,4,4,4,2,4,3,3,4,3,3,4,4,5,4,4,3,4,4,4,3,4,4,4,3,4,4,4,4,4,4,4,4,5,2,4
0,5,1,10,1,6,1,2,0,2,2,2,2,2,4,4,4,2,2,2,2,1,2,2,1,2,2,2,2,2,4,1,1,2,2,2,1,2,2,2,2,2,2,2,2,2,2,2,2,2,1,1
0,3,0,5,1,6,1,7,0,3,4,4,4,5,5,5,5,3,3,3,3,2,3,4,1,1,2,2,5,5,5,1,1,1,1,1,1,5,2,5,5,3,2,3,2,4,5,3,4,5,1,2
0,4,1,30,1,6,1,2,0,3,2,3,4,4,5,2,3,2,3,3,3,3,2,3,2,3,4,3,4,3,3,3,1,2,2,4,2,2,2,4,3,2,2,2,4,4,4,2,3,3,1,1
0,5,0,8,1,6,2,?,0,4,4,4,5,4,4,4,4,3,3,3,5,4,3,3,3,3,3,4,4,4,4,3,2,3,3,4,3,4,4,3,3,3,3,3,4,4,4,3,4,3,1,2
0,4,0,3,1,6,2,?,0,4,4,4,4,4,3,3,3,4,3,3,2,3,3,3,1,3,4,4,4,4,4,1,1,4,4,4,1,1,1,3,3,4,4,4,3,3,3,4,3,4,1,4
0,1,0,3,1,6,2,?,0,3,3,3,5,5,4,4,4,1,4,2,2,2,3,3,1,2,3,3,3,4,4,2,2,2,3,3,2,2,2,4,4,3,3,3,2,2,4,3,4,5,2,5
0,4,0,1,1,6,2,?,0,2,4,4,4,4,3,4,4,4,4,3,4,4,3,3,2,3,3,5,4,4,4,3,1,4,4,4,1,1,1,4,3,4,4,2,2,2,2,4,4,4,1,1
0,1,1,10,1,6,2,?,0,3,3,3,5,5,3,4,4,4,4,3,2,3,3,3,1,2,4,3,5,5,5,1,1,1,1,2,1,1,1,5,5,3,3,3,3,3,3,2,2,4,1,3
0,6,0,8,1,6,1,7,0,4,3,4,4,3,3,4,4,3,4,3,3,4,4,4,3,3,4,3,4,4,4,4,4,3,3,4,2,4,4,5,5,3,4,4,4,4,4,4,4,3,4,4
0,4,1,10,1,6,1,6,0,5,5,5,5,5,?,5,4,5,4,4,4,4,?,?,2,3,3,4,5,4,5,5,1,4,4,5,1,2,2,4,2,3,5,5,5,5,5,5,5,5,1,2
0,1,0,4,1,6,1,3,0,4,4,3,4,4,?,5,5,2,3,5,3,2,4,4,2,5,4,5,5,5,5,?,?,3,5,3,1,3,1,5,5,3,4,5,5,5,5,?,?,?,?,?
0,5,1,16,1,6,1,2,0,2,3,4,5,3,?,3,3,3,4,3,3,3,3,?,2,1,2,2,3,3,4,2,2,3,3,3,1,5,3,4,4,3,3,3,3,2,3,4,4,4,1,2
0,1,0,3,1,6,2,?,1,2,3,3,4,4,4,3,3,4,4,4,3,3,4,3,3,3,4,3,3,4,4,3,1,2,2,3,2,1,3,4,3,2,2,4,3,4,4,3,4,4,2,4
0,1,0,3,1,6,2,?,0,4,3,3,5,5,3,3,4,3,3,3,4,3,3,2,2,2,3,3,5,5,5,2,3,3,3,3,3,4,4,3,3,4,4,4,4,3,3,3,4,4,1,3
0,4,0,5,1,6,1,7,1,3,3,4,4,5,4,5,3,4,3,2,2,4,?,?,3,2,2,3,5,4,4,3,2,4,4,4,4,5,2,3,2,4,4,5,4,2,4,3,4,5,4,1
0,6,1,25,1,6,1,2,0,2,2,2,5,4,3,3,3,3,3,3,5,2,3,3,1,2,2,3,?,3,3,1,1,3,1,2,2,2,1,3,3,2,2,4,3,4,3,2,2,1,1,2
0,6,1,5,1,6,2,?,0,2,2,3,5,3,?,3,2,2,2,2,2,2,1,?,1,?,3,?,5,5,5,1,1,1,1,2,5,3,3,3,?,1,2,3,1,3,5,3,3,3,1,1
0,4,0,1,1,6,2,?,0,4,5,4,5,5,5,5,5,2,3,3,2,1,3,3,1,2,5,2,4,4,2,1,1,3,1,4,2,3,3,5,3,3,3,4,5,2,5,2,4,4,2,1
0,6,0,9,1,6,1,7,1,4,4,5,4,4,4,5,4,5,4,4,4,4,3,3,3,3,4,5,5,5,5,5,4,5,5,5,3,5,3,4,3,5,5,5,4,4,5,5,5,5,4,4
0,6,0,2,1,6,2,?,0,3,3,4,4,2,3,4,4,4,4,2,5,4,3,3,1,2,2,2,5,5,5,2,1,1,2,3,3,4,3,2,2,3,3,3,3,3,4,4,4,4,1,1
0,6,0,7,1,6,1,7,0,3,3,4,4,3,2,3,2,3,3,3,2,3,2,3,2,2,2,3,2,3,2,3,2,2,3,2,3,3,3,5,?,3,3,5,3,3,4,2,3,2,3,3
0,5,1,15,1,6,1,2,0,3,3,4,4,4,?,5,4,4,4,4,4,3,3,?,1,3,2,3,3,3,4,?,?,4,3,4,1,1,2,3,3,3,3,3,5,3,3,3,4,3,1,?
0,6,1,13,1,6,2,?,0,3,3,3,3,3,3,3,3,3,3,3,3,3,3,3,3,3,3,3,3,3,3,3,3,3,3,3,3,3,3,5,5,3,3,3,3,3,3,3,3,3,3,3
0,6,1,10,1,6,1,4,0,3,3,3,5,5,2,3,5,2,2,1,4,2,3,3,1,3,3,3,3,4,4,1,1,2,2,3,1,3,2,2,2,2,2,3,4,3,2,2,2,2,1,1
0,6,1,10,1,6,1,4,0,1,1,2,2,5,5,3,3,1,1,2,2,3,1,1,2,3,2,3,3,3,3,1,1,2,2,1,2,1,1,4,3,3,2,1,1,1,1,2,2,1,1,1
0,4,0,2,1,6,2,?,1,4,4,5,4,4,4,5,4,4,3,4,3,4,3,3,4,5,4,4,4,5,5,3,2,5,5,4,3,3,2,5,5,4,4,4,2,3,3,4,4,5,2,3
0,6,0,4,1,6,2,?,0,3,2,4,5,3,3,4,4,2,2,2,4,4,2,2,2,1,3,4,5,4,5,2,1,3,3,3,4,5,3,4,5,3,3,5,4,4,4,3,4,4,1,2
0,6,0,15,1,6,1,6,0,3,4,4,5,5,4,5,5,4,4,4,4,5,4,3,3,5,4,4,4,5,5,2,1,4,4,4,2,3,3,3,2,3,4,5,5,5,4,3,3,5,3,3
0,4,0,2,1,6,2,?,0,4,3,4,5,5,4,4,4,3,3,3,2,3,3,3,2,3,4,3,4,4,4,1,1,3,3,4,1,3,1,3,3,3,3,4,3,2,3,3,3,3,1,1
0,6,1,7,1,6,1,3,0,2,3,3,5,4,4,4,4,3,3,3,3,2,3,3,1,4,4,2,5,5,5,3,1,1,1,2,1,1,1,5,5,5,5,4,4,4,5,4,4,4,1,1
0,4,0,3,1,6,2,?,0,2,2,2,5,3,4,4,3,2,2,2,4,3,2,4,2,2,3,2,4,4,4,1,1,2,2,2,2,2,2,4,3,2,2,4,4,4,4,1,1,1,1,4
0,6,1,14,1,6,1,7,0,3,3,3,4,3,?,4,3,3,3,3,2,?,1,?,2,1,3,3,5,5,5,2,1,3,3,3,1,2,1,2,1,2,2,3,3,3,3,3,3,3,1,2
0,6,0,3,1,6,?,?,0,3,?,3,4,4,3,3,3,3,3,?,4,2,3,3,3,3,2,2,5,5,5,1,1,3,3,4,4,4,5,5,5,3,3,3,4,4,3,?,3,4,1,2
0,6,0,3,1,6,2,?,0,3,4,4,4,4,3,4,4,3,3,2,2,3,2,3,1,2,3,3,5,5,5,1,2,3,?,3,3,2,2,4,3,3,3,3,3,3,3,2,2,3,2,3
0,5,1,5,1,6,1,7,0,5,4,5,4,4,5,5,4,3,4,3,3,3,3,?,3,3,3,3,5,5,5,2,3,3,3,3,3,5,4,4,4,4,4,5,5,5,5,4,3,2,2,3
0,4,0,3,1,6,2,?,1,3,4,4,5,5,3,5,5,3,3,3,5,3,?,3,2,2,3,2,4,4,4,2,5,3,3,3,2,2,2,4,3,3,3,3,4,3,3,3,3,5,1,5
0,4,0,5,1,6,2,?,0,3,3,3,3,3,3,4,3,3,3,3,3,2,3,3,2,3,3,3,3,3,4,1,1,3,3,3,2,3,3,4,4,3,3,3,2,3,3,3,3,3,1,3
0,4,0,2,1,6,1,7,0,4,4,5,5,5,?,4,4,4,4,4,5,4,3,3,2,3,2,3,3,5,5,1,1,1,1,4,1,1,1,3,3,2,1,4,5,4,5,4,5,4,1,1
0,4,0,1,1,6,2,?,0,3,2,5,4,3,4,4,4,4,4,3,2,2,2,2,4,3,4,5,4,5,5,3,2,4,4,4,5,5,1,5,5,5,5,3,3,3,3,4,4,3,1,2
0,1,1,4,1,6,2,?,0,3,3,1,1,2,1,1,2,2,2,2,3,3,3,2,4,2,2,2,1,1,2,3,1,3,4,1,5,4,5,1,2,3,3,1,2,3,2,4,4,2,3,2
0,4,0,3,1,6,2,?,0,3,4,5,5,4,4,5,5,4,4,3,3,4,4,3,4,5,5,5,5,5,5,3,4,5,5,5,2,2,4,4,3,4,4,4,3,2,3,4,4,4,2,5
0,6,0,3,1,6,2,?,0,2,2,2,4,4,?,3,3,2,3,3,3,4,3,3,1,3,3,3,4,3,4,1,1,1,1,3,1,1,1,3,3,3,?,4,4,4,3,1,1,2,1,1
0,6,0,3,1,6,2,?,0,4,4,4,5,5,3,5,4,4,4,2,3,3,3,3,5,3,3,3,4,5,5,4,1,4,4,4,1,4,1,5,4,4,3,4,1,1,1,4,4,5,1,1
0,1,0,8,1,6,2,?,0,3,4,5,3,5,3,4,4,3,4,3,3,3,3,3,1,4,3,4,4,3,5,4,3,4,4,3,1,1,1,4,4,4,4,5,5,5,4,4,4,2,2,4
0,5,1,3,1,6,1,4,0,3,3,3,3,3,3,3,3,2,2,2,2,2,2,2,3,3,3,3,3,3,3,3,3,3,3,3,3,3,3,4,3,3,3,3,3,3,3,3,3,3,3,3
0,6,0,3,1,6,1,7,0,2,1,2,4,3,3,2,3,3,3,3,5,3,3,3,1,1,3,1,3,4,4,1,1,1,1,2,1,1,1,1,1,1,1,3,3,3,3,1,2,4,1,1
0,6,1,6,1,6,1,3,0,?,2,4,5,4,1,2,4,4,4,4,4,1,2,2,1,2,2,4,5,5,5,1,1,1,1,3,1,3,3,5,4,2,2,4,2,1,1,3,4,3,1,1
0,4,0,?,1,6,2,?,0,4,4,4,5,5,?,5,5,4,4,4,3,4,3,?,4,4,3,4,4,3,4,2,1,4,4,4,1,1,1,4,3,3,3,4,4,3,3,2,4,4,1,1
0,5,1,15,1,6,2,?,1,3,2,3,3,3,4,4,4,3,4,3,3,4,3,3,3,2,3,2,4,5,5,3,3,3,3,3,5,5,5,4,3,3,3,5,3,5,4,3,4,4,4,5
0,2,1,16,1,6,1,2,0,3,4,5,5,4,4,5,5,4,3,2,1,4,3,3,4,3,5,4,5,5,5,4,2,4,4,5,1,3,3,2,1,4,4,5,5,5,5,4,4,4,1,2
0,6,0,15,1,6,1,7,0,1,1,2,4,4,3,2,3,2,2,2,4,2,3,3,1,?,?,?,?,?,?,1,1,1,1,?,1,3,2,3,3,1,1,3,1,4,3,1,1,3,1,1
0,5,1,19,1,6,2,?,0,3,2,2,4,3,3,5,4,3,2,1,5,1,?,?,1,1,5,2,5,5,5,1,1,1,2,2,1,4,1,5,5,2,2,5,5,5,4,1,3,3,1,1
0,6,1,8,1,6,1,2,0,3,3,2,4,5,4,5,4,4,5,5,5,4,3,4,1,1,2,1,4,5,5,4,1,1,1,4,1,2,2,4,4,4,3,5,5,5,5,2,4,5,1,1
0,5,0,8,1,6,1,6,0,3,3,2,4,5,4,4,5,2,3,1,4,3,3,4,2,1,5,3,5,4,5,1,1,1,1,1,1,5,5,5,5,2,2,4,3,2,2,1,2,2,1,1
0,2,1,30,1,6,2,?,0,3,3,5,5,4,4,4,4,4,4,4,2,3,3,2,5,4,4,4,4,5,5,4,1,5,5,4,1,2,3,4,4,4,4,?,?,?,?,4,4,2,1,4
0,1,0,2,1,6,2,?,0,4,4,4,5,4,3,4,4,3,3,3,3,3,3,3,3,2,4,3,4,4,5,3,3,4,3,3,1,3,1,3,4,3,3,5,4,5,4,4,4,4,2,2
0,6,1,4,1,6,1,7,0,1,1,3,5,5,3,3,3,3,3,3,3,4,3,3,1,1,4,2,4,5,5,2,2,3,2,3,1,2,3,3,2,2,2,3,3,3,3,3,3,3,2,1
0,1,0,2,1,6,2,?,0,2,2,3,4,4,3,3,4,2,2,2,4,2,3,3,1,2,3,3,4,4,5,2,2,2,2,?,4,5,3,4,4,3,3,3,3,3,3,3,4,5,4,3
0,6,0,3,1,6,2,?,0,3,3,4,4,4,4,4,4,3,4,3,3,2,4,4,3,4,4,4,4,4,4,2,3,4,4,4,4,?,4,4,4,4,4,5,3,3,3,4,4,4,1,5
0,2,0,8,1,6,2,?,0,3,2,4,4,4,3,2,2,5,5,4,1,5,2,3,3,3,3,4,5,5,5,2,2,2,3,4,1,2,1,3,3,2,3,3,3,3,3,4,4,3,1,2
0,1,0,1,1,6,2,?,0,4,4,4,4,4,?,4,3,3,?,4,2,3,?,?,2,3,4,4,5,5,5,2,2,3,2,4,2,2,1,5,5,3,3,5,5,5,5,4,3,4,1,3
0,1,0,3,1,6,2,?,1,2,2,3,3,3,4,3,3,3,2,2,2,2,2,3,1,3,3,3,4,4,4,2,2,2,2,2,4,4,3,4,3,2,2,4,4,4,3,2,2,3,4,2
0,1,1,6,1,6,1,7,0,5,5,5,5,5,3,5,3,4,4,4,1,4,4,3,1,3,3,3,5,4,5,5,1,4,4,5,1,3,1,1,1,5,5,5,3,3,5,4,3,1,1,1
0,1,0,1,1,6,1,6,0,4,5,4,5,5,3,5,5,4,4,4,2,4,4,3,3,4,4,4,4,5,5,1,1,3,3,5,2,4,1,3,4,4,3,5,5,5,5,5,5,5,1,5
0,3,0,1,1,6,2,?,0,4,2,2,5,4,3,2,3,3,4,3,3,3,4,3,2,2,4,2,4,2,4,2,3,2,2,3,2,2,3,3,3,3,2,4,3,4,4,4,4,4,2,2
0,1,0,7,1,6,2,?,0,3,3,3,5,5,4,5,5,4,4,4,3,3,3,3,2,3,4,3,3,3,4,3,1,3,3,3,1,2,1,4,4,3,3,5,5,5,2,4,5,5,1,5
0,5,1,28,1,6,1,2,0,2,2,2,4,3,?,4,3,3,3,1,5,2,3,?,1,2,4,2,5,4,5,1,1,2,1,3,3,3,3,3,2,2,2,4,3,2,3,2,2,3,1,4
0,2,0,?,1,6,2,?,0,3,4,5,5,4,5,5,3,4,4,4,5,4,5,5,3,5,5,5,5,5,5,2,3,4,4,5,2,2,5,3,3,3,3,5,3,3,1,4,4,4,1,3
0,5,1,4,1,6,1,7,1,3,3,1,5,4,3,5,4,2,2,2,4,2,2,4,2,2,2,3,4,4,5,2,2,2,2,2,4,5,4,4,4,2,2,4,2,2,2,2,4,4,4,2
0,4,0,1,1,6,2,?,0,4,4,3,5,5,5,4,3,2,3,3,3,3,4,4,2,3,3,4,2,3,3,3,3,3,3,3,?,4,4,4,4,3,3,4,5,4,5,2,3,4,4,2
0,5,0,15,1,6,1,6,0,3,3,2,3,3,2,3,3,2,3,2,4,3,2,3,2,2,2,3,3,3,3,2,1,2,2,3,1,3,1,2,2,2,2,4,3,3,3,3,3,3,1,2
0,4,0,5,1,6,2,?,0,3,4,3,3,4,2,2,2,2,2,2,3,2,3,2,1,3,4,2,4,2,4,1,1,1,1,2,2,4,4,?,?,1,1,1,1,1,1,3,3,2,1,1
0,1,0,?,1,6,2,?,0,2,3,2,5,4,4,4,3,2,4,3,3,3,3,4,1,2,4,3,?,4,4,1,1,2,1,3,1,1,1,5,5,3,2,4,3,2,2,1,2,2,1,1
0,6,1,27,1,6,1,2,1,2,3,3,3,2,3,?,3,4,4,3,3,3,3,3,2,3,3,3,4,3,4,2,2,3,3,3,1,2,1,4,4,3,3,3,3,2,2,2,2,2,2,2
0,6,1,20,1,6,1,2,0,2,2,2,4,4,3,3,2,4,3,3,2,2,3,3,1,1,4,1,4,3,4,1,1,2,2,4,1,1,1,3,1,3,2,1,1,1,1,2,3,1,1,1
0,4,0,17,1,6,2,?,0,4,5,5,5,3,3,4,4,3,3,3,3,3,3,3,2,3,5,3,5,3,5,2,3,3,3,3,3,3,4,4,3,3,3,3,3,3,4,3,4,4,2,5
0,4,1,17,1,6,1,1,0,2,2,3,4,3,?,2,2,2,3,2,3,2,1,?,1,1,2,1,3,3,3,1,1,1,1,1,1,2,1,4,1,1,1,2,4,3,2,1,1,2,1,1
0,6,1,25,1,6,1,1,0,3,3,3,4,4,3,3,4,2,3,2,3,2,2,3,1,2,3,2,4,4,4,1,1,2,2,3,1,3,1,3,2,2,2,4,4,3,4,2,3,4,1,1
0,5,1,30,1,6,1,2,0,4,4,5,4,4,2,2,3,4,4,3,3,2,?,?,1,1,3,1,5,5,4,3,3,5,?,4,1,1,3,1,1,3,4,4,4,1,4,3,4,4,1,1
0,2,1,22,1,6,1,2,0,4,?,4,4,4,3,4,4,3,3,2,4,3,4,3,2,2,3,2,4,4,5,1,1,3,2,4,1,4,3,3,3,3,3,5,5,4,5,2,2,2,1,1
0,1,0,12,1,6,2,?,1,3,4,4,4,4,3,3,3,3,3,3,3,3,2,2,4,3,5,5,5,5,5,3,1,5,4,5,3,3,3,4,2,5,5,3,4,3,5,5,5,5,5,2
0,6,1,15,1,6,2,?,0,2,2,2,2,3,2,3,2,2,3,3,2,1,2,2,1,2,1,2,3,2,2,1,1,1,1,4,1,2,1,2,1,1,1,3,3,1,4,2,3,4,1,1
0,3,0,20,1,6,2,?,0,3,3,3,4,?,?,3,3,3,3,3,4,3,2,?,2,?,?,2,3,3,4,1,1,2,2,3,?,2,3,4,4,?,?,5,4,4,5,2,2,?,1,4
0,4,1,23,1,6,1,2,0,3,3,4,4,3,3,4,4,2,3,3,4,3,3,3,2,2,4,4,4,4,5,2,2,2,3,4,4,1,4,5,4,3,2,4,2,3,3,4,5,2,1,4
0,1,0,15,1,6,2,?,0,4,4,4,3,3,3,3,3,4,4,4,4,4,5,4,4,4,3,4,5,5,5,4,4,4,4,4,4,4,5,2,2,4,4,4,2,4,4,4,4,4,3,4
0,1,0,15,1,6,2,?,0,4,3,3,4,4,4,4,4,3,3,3,3,3,3,3,2,3,5,3,4,4,5,2,2,3,3,4,2,5,3,4,3,4,4,4,4,5,?,4,4,4,4,2
0,4,1,30,1,6,1,3,0,2,2,2,4,3,3,4,4,3,3,3,4,3,2,?,1,3,2,3,4,4,4,2,1,1,2,3,1,1,1,3,2,3,?,3,2,1,1,3,4,4,1,1
0,6,0,25,1,6,1,3,1,2,3,2,3,2,3,2,2,2,2,2,5,3,2,3,1,3,3,2,3,3,3,1,1,1,1,2,2,2,1,1,1,2,2,1,1,1,1,1,1,3,2,2
0,6,1,22,1,6,1,2,0,2,2,3,5,4,2,2,4,1,2,2,4,3,3,3,1,2,5,4,5,4,5,3,1,1,1,2,1,1,3,2,2,1,1,3,5,5,5,1,1,1,1,1
0,2,1,20,1,6,1,2,0,4,4,2,4,4,?,5,5,3,4,4,2,?,4,?,?,2,4,3,3,2,5,1,1,?,?,4,?,?,?,2,2,4,3,4,4,4,5,1,4,5,1,1
0,3,1,20,1,6,1,2,0,2,2,3,4,3,?,3,2,3,3,2,4,2,?,?,1,2,3,?,4,2,3,1,1,1,1,1,1,2,1,2,2,1,1,5,5,5,1,2,2,2,1,1
0,6,1,10,1,6,2,?,0,3,1,2,5,3,1,1,3,1,3,2,3,?,1,1,1,1,5,1,5,5,5,1,1,1,1,1,1,1,1,?,?,?,?,1,5,5,5,1,1,4,1,1
0,3,1,20,1,6,2,?,0,4,4,4,5,5,4,5,5,4,3,4,2,4,3,3,3,3,4,4,4,4,4,3,3,3,2,4,1,4,1,4,4,4,4,4,4,4,4,4,4,5,1,4
0,6,0,7,1,6,1,6,1,2,3,2,4,4,4,3,4,4,4,3,3,3,3,2,4,4,3,2,4,5,5,2,1,4,4,3,5,5,5,4,2,3,4,4,4,3,1,4,4,5,2,3
1,6,1,15,1,6,1,4,0,3,5,3,3,3,4,3,4,2,2,1,2,4,3,4,2,2,4,3,4,5,5,2,2,2,2,2,3,4,4,4,2,3,3,3,3,3,3,2,2,3,3,2
1,6,0,2,1,6,2,?,1,3,3,3,4,4,3,4,3,3,4,3,3,4,4,4,3,3,4,4,4,5,5,3,3,3,3,3,3,2,4,3,4,3,3,4,3,3,4,3,4,4,1,5
1,6,0,15,1,6,2,?,0,4,3,3,5,3,3,4,5,3,3,3,3,2,3,4,4,2,4,4,5,5,5,4,4,3,4,3,5,5,5,5,5,3,4,5,3,4,3,4,4,4,2,4
1,6,0,7,1,6,2,?,0,4,4,5,5,5,2,5,5,4,3,3,3,3,3,2,1,4,2,4,3,4,5,1,1,3,3,3,3,4,1,5,1,3,3,1,1,1,1,1,4,4,1,1
1,5,1,7,1,6,2,?,0,2,2,2,5,5,5,5,5,3,3,3,2,2,2,3,1,2,2,1,3,3,4,1,1,1,1,1,4,4,3,3,2,2,2,?,?,?,5,1,1,5,1,1
1,6,0,5,1,6,2,?,0,2,3,2,4,3,4,4,4,2,3,2,4,2,2,3,1,1,2,2,2,3,3,1,1,2,1,2,1,3,2,4,3,3,2,2,4,3,4,2,4,2,1,3
1,1,0,15,1,6,2,?,0,4,5,5,5,4,?,4,4,5,5,4,1,?,?,?,2,4,3,4,5,5,5,3,1,4,4,5,3,5,5,4,?,4,4,5,5,3,5,5,5,5,1,5
1,3,0,15,1,6,2,?,1,4,?,5,4,4,?,?,?,4,5,4,3,4,?,?,?,?,4,?,4,?,4,2,1,4,4,?,?,2,?,?,?,?,?,?,?,?,?,4,4,5,1,5
1,4,0,15,1,6,2,?,0,3,2,2,5,5,5,5,5,3,4,3,4,2,2,5,2,1,4,3,5,5,5,1,1,2,2,3,1,1,1,5,5,3,2,5,4,5,5,3,4,4,1,4
1,5,0,16,1,6,2,?,0,2,2,2,4,3,3,3,3,2,2,2,5,2,2,2,1,2,3,2,3,3,3,1,1,2,2,1,2,2,2,2,1,?,2,3,3,2,2,2,2,3,1,2
1,6,1,18,1,6,1,2,0,3,3,2,5,5,4,5,5,2,3,3,1,3,2,4,1,1,3,2,4,5,4,1,1,1,1,2,1,1,1,4,1,1,1,3,4,3,2,1,3,5,1,1
1,6,1,25,1,6,1,1,0,4,4,5,4,5,3,5,4,5,5,5,5,5,3,1,1,3,4,3,3,3,4,2,1,1,3,4,1,5,4,3,1,3,3,3,4,3,3,5,5,5,1,1
1,1,0,14,1,6,2,?,0,2,5,5,5,5,2,5,5,4,3,3,1,4,1,1,1,1,4,1,5,1,5,2,1,3,5,1,3,2,1,5,2,5,3,3,5,3,3,5,5,5,1,4
1,1,0,20,1,6,1,7,0,3,3,5,5,5,5,3,3,1,2,3,5,1,3,4,3,3,5,2,5,5,5,2,1,3,1,5,1,3,2,5,5,2,2,5,4,3,5,1,4,3,1,4
1,6,0,8,1,6,2,?,0,5,5,5,5,5,3,5,5,4,4,4,4,4,3,3,4,4,4,3,5,5,5,2,2,5,3,5,1,2,1,3,4,4,4,4,5,5,5,5,5,4,2,2
1,3,0,6,1,6,2,?,0,2,2,2,5,3,3,2,3,2,4,3,4,2,2,3,2,3,4,4,4,4,4,2,2,3,3,3,2,4,2,5,4,3,3,4,2,4,3,2,3,2,2,2
1,1,0,16,1,6,1,7,0,2,1,3,2,5,4,3,4,3,4,3,5,1,3,3,1,1,1,1,5,3,4,1,1,1,?,2,2,2,1,1,1,2,2,5,5,5,5,2,2,1,1,1
1,1,0,1,1,6,2,?,0,4,4,4,4,4,4,4,4,4,3,4,2,4,3,4,3,3,3,3,3,3,3,2,2,3,3,3,2,3,3,4,4,3,3,5,3,3,5,3,4,4,1,4
1,1,0,1,1,6,2,?,0,3,3,3,5,5,5,5,5,3,3,3,3,4,?,?,1,3,5,?,5,3,5,1,1,2,1,3,4,3,3,4,?,?,?,4,4,4,4,1,3,3,1,1
1,6,0,3,1,6,2,?,0,3,3,3,5,3,4,3,4,3,4,3,5,3,3,4,1,3,4,3,5,4,5,1,1,2,2,3,1,1,1,5,3,2,2,4,5,5,4,3,3,3,1,1
1,1,0,15,1,6,1,5,1,3,3,5,4,4,5,5,5,3,3,2,2,4,5,2,4,2,4,2,5,5,5,5,5,4,4,3,4,5,5,2,1,5,5,3,5,3,5,5,5,5,4,4
1,6,0,25,1,6,1,3,0,3,2,3,5,4,3,4,5,4,4,3,4,4,3,3,3,1,3,3,5,5,5,3,1,4,3,3,2,1,2,2,2,3,4,4,4,5,4,3,4,4,1,3
1,6,0,23,1,6,1,7,0,1,1,1,4,3,2,5,5,2,2,2,5,1,2,3,1,1,2,3,5,5,5,1,1,1,1,1,1,1,1,5,3,1,1,5,3,2,1,1,1,2,1,1
1,1,0,7,1,6,2,?,0,3,4,5,3,5,2,4,4,4,3,3,3,3,2,2,3,3,3,2,3,3,3,3,3,3,3,4,1,1,1,5,5,3,3,5,4,5,5,4,4,5,1,5
1,6,0,7,1,6,2,?,0,2,2,3,4,2,4,2,3,2,2,2,4,2,2,4,2,2,4,3,4,4,5,1,1,2,2,2,3,3,3,5,5,3,2,4,2,2,3,2,2,3,3,2
1,6,0,2,1,6,2,?,1,4,4,4,5,5,4,4,3,4,4,3,4,4,5,4,4,3,5,4,4,4,5,?,4,4,3,4,3,5,5,4,4,4,?,5,5,5,5,4,4,2,2,4
1,6,0,14,1,6,2,?,0,4,3,2,5,5,4,5,5,3,3,4,2,2,4,3,2,2,4,5,5,4,5,2,5,4,4,4,4,3,5,4,5,3,3,4,4,3,3,3,5,5,3,4
1,1,1,7,1,6,2,?,1,4,4,5,4,4,5,5,3,4,3,3,3,5,3,4,3,3,5,3,5,5,5,3,3,4,4,4,5,5,5,5,3,3,3,4,4,4,4,4,4,4,5,3
1,4,0,10,1,6,2,?,0,3,3,3,3,3,3,3,3,3,3,3,3,3,3,3,3,3,3,3,3,3,3,3,3,3,3,3,3,3,3,3,3,3,3,3,3,3,3,3,3,3,3,3
1,6,0,12,1,6,2,?,0,5,3,5,4,4,5,4,4,4,4,4,1,4,3,3,2,4,4,4,5,5,5,1,3,3,3,4,4,4,3,5,2,3,3,4,4,3,2,5,5,4,3,5
1,6,1,20,1,6,1,2,0,3,4,2,5,5,1,5,5,4,4,4,5,3,2,1,1,2,5,3,4,5,5,1,1,1,1,4,1,2,3,4,5,2,2,4,4,4,5,2,4,5,1,1
1,6,0,?,1,6,2,?,0,5,5,5,5,5,5,5,5,4,4,4,2,4,5,5,1,5,4,5,3,3,5,2,1,3,5,5,1,4,1,5,5,3,5,5,5,5,3,5,5,5,1,1
1,6,1,20,1,6,1,2,1,3,4,4,5,5,5,5,5,4,4,3,2,3,2,4,3,5,2,5,4,5,5,3,1,4,2,5,1,2,1,3,3,3,4,2,4,1,1,3,5,3,1,4
1,5,0,13,1,6,2,?,0,2,2,2,4,3,1,4,3,2,2,2,2,2,3,2,1,1,2,2,3,3,3,1,2,2,1,2,1,2,1,5,4,2,2,5,3,3,3,1,2,2,1,2
1,1,1,16,1,6,1,4,0,2,2,3,4,5,5,5,5,3,3,3,2,2,4,?,1,2,4,2,5,5,5,2,1,3,3,3,1,2,4,4,4,3,3,?,?,4,4,4,4,4,1,3
1,1,1,20,1,6,1,6,0,3,3,3,5,5,4,4,4,2,2,3,2,2,2,3,1,2,3,3,5,4,4,2,1,1,1,3,2,3,3,4,4,2,2,5,4,4,4,2,3,3,1,2
1,4,0,1,1,6,2,?,0,3,4,5,5,4,3,4,2,3,5,4,2,4,3,3,2,4,5,5,4,4,5,3,3,4,4,4,4,5,4,4,4,4,5,5,4,4,5,4,4,2,1,3
1,1,0,6,1,6,2,?,0,3,2,3,5,3,3,4,4,2,2,2,4,3,4,4,5,2,3,2,5,5,5,4,2,4,4,4,4,5,4,3,1,3,3,5,4,3,3,2,2,4,1,4
1,6,0,2,1,6,2,?,0,2,3,2,4,4,2,3,2,2,3,3,4,2,3,4,2,2,4,3,4,4,5,1,2,2,2,3,3,3,3,3,3,3,3,4,4,4,4,2,3,4,2,2
1,1,0,11,1,6,2,?,0,2,3,3,5,3,4,3,3,3,3,?,4,2,2,3,1,2,3,3,5,5,5,1,2,2,2,2,3,4,5,4,4,2,2,3,2,2,2,2,3,3,3,5
1,6,0,9,1,6,2,?,0,4,4,4,5,5,?,4,3,4,3,4,?,4,4,?,2,?,3,?,5,5,5,3,2,4,4,5,1,2,1,4,?,4,5,?,?,?,?,5,5,5,1,1
1,6,0,5,1,6,1,7,0,3,3,2,4,4,?,3,3,2,2,2,?,3,1,?,1,1,3,?,5,5,5,2,1,2,1,2,2,2,1,2,2,2,2,4,4,4,4,2,3,1,1,1
1,6,0,6,1,6,1,7,0,3,3,3,4,4,3,4,4,2,2,2,3,2,3,3,2,3,4,3,4,5,5,2,2,2,2,3,3,3,2,4,3,3,3,4,4,2,3,3,3,2,1,2
1,1,0,5,1,6,2,?,0,3,3,5,4,4,3,4,4,3,3,3,4,4,2,2,3,3,4,2,5,5,5,1,1,3,3,4,2,2,2,4,4,3,3,4,5,5,3,3,4,4,1,1
1,1,0,5,1,6,1,6,0,3,5,3,5,5,2,4,5,3,3,2,4,4,3,2,2,3,4,3,5,5,5,2,1,2,2,4,1,5,3,3,3,4,4,5,3,5,5,4,5,5,1,3
1,6,1,25,1,6,1,2,0,?,?,?,?,?,?,?,?,?,?,?,?,?,?,?,1,3,2,1,4,4,4,1,1,1,1,3,1,1,4,4,2,?,?,5,5,5,3,1,1,1,1,1
1,1,0,18,1,6,1,?,0,3,3,4,5,4,3,4,4,3,3,3,4,3,4,3,3,2,3,3,4,4,5,3,2,4,4,4,3,3,4,2,2,3,3,4,4,4,5,4,4,3,1,3
1,5,0,4,1,6,2,?,0,3,3,3,5,4,4,4,4,3,4,3,3,3,3,4,2,2,4,3,5,5,5,2,2,3,3,3,2,5,3,5,5,3,3,4,3,4,4,3,4,4,2,3
1,6,0,3,1,6,2,?,0,2,2,3,5,4,4,4,4,3,4,3,2,3,4,3,3,3,5,3,4,4,4,2,2,3,3,3,2,4,4,4,4,2,2,3,4,4,3,2,3,5,1,4
1,1,0,16,1,6,1,4,0,3,3,5,5,4,5,3,4,3,4,3,4,3,3,4,1,2,4,3,5,4,4,2,1,3,3,3,1,2,3,4,3,3,3,4,4,4,3,5,5,5,2,2
1,4,0,2,1,6,2,?,0,3,3,4,4,4,4,4,4,3,3,3,3,4,3,4,1,4,4,3,5,3,5,2,2,1,1,4,1,1,1,4,3,3,3,5,1,3,3,2,4,4,1,4
1,4,0,1,1,6,2,?,0,4,4,5,4,4,4,4,4,5,5,5,2,4,4,5,4,4,5,5,5,5,5,1,2,2,3,5,4,4,3,5,3,3,4,4,3,3,3,4,3,4,1,2
1,1,0,2,1,6,2,?,0,3,3,3,4,4,4,5,5,3,4,3,2,4,3,3,3,3,4,4,5,5,5,3,1,3,3,4,3,4,3,5,5,4,4,4,4,4,4,3,5,5,1,5
1,4,0,8,1,6,2,?,?,3,3,3,3,3,3,3,3,3,3,3,3,3,3,3,3,3,3,3,3,3,3,3,3,3,3,3,3,3,3,3,3,3,?,3,5,5,3,4,4,2,?,4
1,1,0,12,1,6,2,?,0,2,2,3,3,2,3,3,2,2,2,2,2,3,2,2,2,?,?,?,?,?,?,3,3,2,2,?,2,3,1,?,?,?,?,3,4,4,4,2,2,3,1,2
1,5,0,8,1,6,2,?,0,3,2,3,5,4,4,5,5,3,2,3,4,2,3,4,1,3,5,3,5,5,5,1,2,2,3,2,3,4,4,4,4,4,3,4,2,4,4,3,3,4,1,2
1,6,1,10,1,6,2,?,0,2,3,5,5,4,?,5,4,4,5,5,?,4,1,?,4,3,2,4,5,5,5,4,3,3,3,5,3,5,4,1,1,4,4,3,4,3,2,4,5,5,2,2
1,6,0,15,1,6,2,?,0,3,3,3,3,3,3,4,4,3,3,2,3,3,2,?,?,?,?,?,3,5,4,2,1,?,?,3,?,3,?,3,?,?,?,3,?,?,?,3,3,3,1,3
1,6,0,5,1,6,2,?,0,4,4,4,4,3,4,3,4,3,4,4,2,4,4,4,2,3,3,2,4,4,4,2,4,3,3,4,5,5,5,4,3,4,4,4,2,2,4,4,4,4,2,4
1,5,0,2,1,6,1,?,1,4,2,4,5,5,?,5,5,5,5,5,5,?,3,?,?,?,?,?,4,?,5,1,1,?,?,3,5,5,?,5,5,4,4,?,?,?,?,3,5,5,1,1
1,3,1,20,1,6,1,2,0,2,3,2,4,3,3,2,2,4,4,3,4,3,3,4,2,2,4,3,4,5,5,2,1,1,1,3,4,3,3,4,3,3,3,5,5,5,5,2,2,1,2,1
1,3,1,26,1,6,1,2,0,1,1,1,5,5,5,3,5,2,2,2,5,2,1,5,1,1,5,1,3,5,5,1,1,1,1,1,1,1,1,1,1,1,1,1,1,1,1,1,3,3,1,3
1,6,1,10,1,6,1,4,0,3,3,3,4,4,3,4,3,4,4,3,4,4,3,3,1,2,4,3,4,4,4,1,1,1,1,2,1,4,4,4,3,2,2,4,2,4,3,2,2,2,1,5
1,3,0,12,1,6,2,?,0,4,4,4,4,5,4,4,4,3,3,3,2,3,5,3,1,3,4,1,3,4,4,1,1,1,1,3,3,2,4,3,4,2,2,5,5,5,5,2,2,2,1,4
1,6,0,10,1,6,2,?,0,1,2,2,4,4,3,3,3,2,2,2,3,2,2,2,2,3,3,3,3,4,4,2,2,2,2,2,3,3,2,4,4,2,2,4,2,2,2,2,2,2,2,2
1,2,0,8,1,6,2,?,0,2,3,2,4,4,3,3,4,3,4,4,3,2,3,3,1,3,4,3,4,4,4,1,1,3,2,3,1,1,1,4,3,2,2,4,4,4,3,3,3,3,1,1
1,6,0,15,1,6,2,?,0,2,2,4,4,?,2,4,4,4,4,3,3,3,3,3,3,2,2,2,4,5,5,3,2,3,3,4,3,3,3,4,4,4,4,5,3,4,3,3,3,5,3,2
1,6,0,4,1,6,1,5,0,2,3,3,5,5,3,2,4,4,4,2,3,3,2,2,1,2,4,2,4,5,5,1,1,2,2,2,3,5,4,3,3,2,2,5,4,3,5,3,4,5,2,4
1,3,0,2,1,6,1,7,0,4,3,4,5,3,3,5,5,2,3,2,4,4,3,3,1,2,3,3,5,5,5,1,1,1,1,3,1,5,3,5,5,3,2,5,2,2,3,4,4,5,1,4
1,3,0,3,1,6,2,?,0,2,2,2,5,4,3,4,4,2,2,3,4,2,2,3,2,2,4,2,5,5,5,2,2,2,2,2,2,3,4,5,5,2,3,2,2,2,2,2,2,2,1,2
1,1,0,4,1,6,2,?,0,1,1,1,4,4,4,1,4,2,3,1,4,1,1,2,1,1,3,1,3,2,3,1,1,1,1,1,1,3,1,3,3,1,1,1,1,1,1,2,2,2,1,5
1,3,1,20,1,6,1,6,0,2,1,2,5,3,2,4,?,2,3,3,4,3,3,?,1,1,1,1,4,4,4,2,1,1,2,1,3,4,1,4,4,2,2,1,1,3,3,2,2,2,1,1
1,6,0,14,1,6,?,?,0,4,4,4,3,4,3,4,3,3,3,3,3,3,3,3,1,4,4,4,4,4,5,1,2,3,3,4,4,5,2,5,5,4,4,5,5,5,4,3,3,4,1,1
1,6,0,10,1,6,1,3,0,2,2,3,4,3,4,2,3,2,2,2,5,3,2,3,1,1,3,2,3,3,4,1,1,1,1,1,3,3,2,2,2,1,1,5,2,2,2,1,1,2,2,1
1,2,1,20,1,6,1,2,0,2,2,3,4,4,3,4,4,3,3,4,5,2,2,3,1,2,4,1,4,4,5,1,1,1,1,2,1,1,1,2,1,2,2,5,5,4,3,3,3,4,1,1
1,6,0,7,1,6,2,?,0,3,2,2,5,3,2,4,4,3,3,2,5,2,2,3,2,2,3,3,4,4,5,2,1,2,2,3,1,2,1,2,4,3,3,3,5,5,3,3,3,5,1,1
1,6,1,20,1,6,1,2,1,4,4,4,4,4,4,4,4,3,4,3,3,3,3,3,3,3,3,4,3,4,3,3,3,2,2,3,3,4,3,5,5,3,3,3,3,3,3,4,4,4,3,4
1,3,0,11,1,6,2,?,0,2,3,3,5,4,4,5,3,4,3,3,5,3,3,3,1,3,4,3,4,3,5,1,1,1,1,3,5,4,3,5,4,2,2,4,3,4,4,1,1,3,1,3
1,6,0,2,1,6,2,?,0,4,3,4,3,4,2,3,4,2,3,3,4,3,2,4,2,2,4,4,4,4,4,2,2,2,2,3,3,2,1,4,2,3,3,4,3,3,3,3,4,2,1,2
1,6,1,13,1,6,1,2,0,3,3,3,4,4,?,4,4,3,4,3,2,3,3,?,2,2,3,4,4,4,4,2,1,3,3,3,1,1,1,1,1,2,2,4,4,4,4,3,3,3,1,1
1,6,0,7,1,6,2,?,0,3,3,2,5,5,3,4,5,3,2,2,4,2,4,3,2,2,5,3,4,5,4,1,1,2,2,2,1,4,4,4,3,3,3,5,5,5,5,4,4,4,1,1
1,6,1,10,1,6,1,7,0,3,3,3,4,4,4,4,4,3,3,3,2,3,4,4,3,3,3,3,5,5,5,3,3,4,4,3,4,4,5,5,5,5,5,5,5,5,5,3,3,3,3,4
1,1,1,6,1,6,1,4,0,3,2,4,4,3,3,4,4,4,4,4,3,2,2,1,2,2,2,3,5,5,4,4,2,3,2,3,1,1,2,4,4,4,4,5,4,5,5,3,4,4,2,2
1,1,0,5,1,6,2,?,1,5,5,5,5,5,5,5,5,5,5,3,5,5,5,5,3,3,5,3,5,5,5,?,3,3,3,5,3,3,3,5,5,5,5,5,5,5,5,5,5,5,3,3
1,6,0,3,1,6,2,?,0,3,3,3,5,4,4,4,4,4,4,4,3,2,3,3,2,2,4,2,4,4,4,2,2,2,3,2,2,2,3,4,4,3,3,4,4,4,3,2,3,3,2,2
1,6,0,8,1,6,2,?,0,3,2,4,3,3,4,4,3,3,3,2,2,2,3,3,1,1,2,3,3,4,5,1,1,2,2,2,2,1,1,5,5,3,3,5,3,5,5,1,3,3,1,2
1,3,1,10,1,6,1,5,0,3,3,3,4,4,4,4,4,3,3,3,4,3,5,4,1,2,3,1,4,5,4,1,5,2,1,3,3,2,1,3,3,3,3,5,5,5,5,3,3,4,1,3
1,6,0,10,1,6,2,?,0,4,3,4,5,5,3,3,4,3,3,2,4,2,3,2,1,2,4,3,3,5,4,1,1,1,1,2,2,4,3,3,4,3,3,4,3,2,3,3,4,5,2,2
1,3,0,11,1,6,2,?,0,4,4,5,5,5,3,4,5,3,3,2,5,3,3,2,1,1,4,1,5,2,3,1,1,2,1,3,1,1,1,2,1,2,2,5,4,5,5,2,4,4,1,1
1,5,1,14,1,6,1,4,0,2,2,2,5,4,3,3,5,2,3,2,5,3,3,3,1,2,2,2,4,4,4,1,1,1,1,2,4,4,3,2,4,1,1,4,4,4,4,1,4,4,1,1
1,6,0,10,1,6,1,7,0,3,3,3,5,5,3,4,4,3,3,3,4,3,4,2,3,3,3,3,3,3,5,2,2,3,3,3,1,1,1,3,3,3,?,4,4,4,4,2,2,2,2,2
1,3,1,12,1,6,1,7,0,5,5,5,4,5,5,4,4,3,4,4,4,3,3,3,4,3,3,4,4,4,4,5,4,5,4,4,4,4,4,4,4,4,4,4,4,4,4,5,5,5,5,5
1,1,1,10,1,6,1,4,0,2,2,2,5,5,?,3,3,2,5,3,3,2,?,?,1,2,3,2,5,5,5,1,1,2,1,3,1,4,1,2,2,2,2,2,4,3,3,3,4,4,1,4
1,5,1,9,1,6,2,?,1,3,4,4,4,3,5,5,5,4,5,5,4,3,3,5,3,5,5,4,5,5,4,4,3,4,4,3,4,5,4,4,5,5,4,3,4,4,4,3,4,4,5,4
1,6,1,10,1,6,2,?,0,4,4,4,3,5,4,4,4,3,3,3,1,4,4,5,1,4,3,4,4,5,5,1,1,4,3,4,4,5,5,4,4,4,3,3,3,3,3,4,4,4,1,4
1,6,0,12,1,6,2,?,0,4,4,5,5,5,5,5,4,3,3,3,2,3,3,1,1,4,5,5,1,4,3,?,?,3,4,5,1,1,4,5,3,3,5,3,5,5,3,?,?,?,?,?
1,6,1,30,1,6,1,4,0,3,4,3,5,5,3,3,4,2,2,2,1,2,1,3,1,1,3,3,4,3,3,1,1,2,3,3,3,3,3,2,1,2,2,5,2,5,3,2,2,2,?,3
1,6,0,1,1,6,2,?,0,2,3,3,4,4,3,5,5,3,4,3,3,?,?,?,1,2,3,3,4,4,4,1,1,1,1,2,3,4,1,4,?,?,?,4,4,4,4,2,3,4,1,1
1,3,1,10,1,6,1,4,0,4,4,3,5,5,3,2,5,2,5,3,5,1,3,3,1,1,4,1,4,1,5,1,1,1,1,2,1,5,1,1,1,1,1,5,1,5,5,1,3,3,1,1
1,1,0,15,1,6,2,?,0,3,3,3,5,5,5,3,2,3,3,3,3,3,3,5,2,2,3,2,4,4,5,1,1,2,2,3,1,1,2,2,2,3,3,3,3,3,3,3,4,1,1,2
1,3,0,18,1,6,1,7,0,4,4,4,4,4,4,5,4,3,4,3,3,3,4,3,3,2,2,2,4,4,4,2,4,2,3,3,1,1,2,4,4,3,4,5,4,4,4,4,4,4,2,4
1,3,0,7,1,6,2,?,0,5,5,5,5,5,5,5,5,3,3,3,3,4,3,3,5,3,3,3,5,5,5,4,2,3,4,3,3,2,3,4,3,3,4,5,5,5,5,3,5,5,2,1
1,6,0,4,1,6,2,?,0,4,4,5,5,5,4,5,5,3,3,3,1,3,3,3,4,3,3,3,5,5,5,4,1,3,3,3,5,5,5,5,5,4,5,5,4,5,5,5,5,5,1,1
1,1,0,28,1,6,2,?,0,2,2,3,4,4,3,5,5,3,3,2,4,3,?,?,3,1,5,?,5,5,5,2,1,2,1,2,3,3,3,5,5,2,2,5,5,5,2,2,2,4,1,2
1,5,1,17,1,6,1,2,0,2,3,3,4,3,3,4,3,2,2,2,4,3,3,3,2,2,3,3,4,3,3,2,2,2,2,2,3,3,3,3,3,2,2,4,3,4,4,2,2,4,2,2
1,6,0,8,1,6,2,?,0,4,4,5,5,4,4,4,4,3,4,4,2,3,3,3,3,3,3,3,3,3,3,3,1,3,3,3,2,2,1,2,2,2,2,3,3,3,3,3,3,3,3,1
1,1,0,4,1,6,2,?,0,3,3,2,5,4,3,5,5,2,2,2,4,2,2,3,1,1,5,2,5,5,5,1,2,1,1,2,2,4,4,4,4,1,1,3,3,3,3,2,2,2,2,2
1,6,0,2,1,6,2,?,0,2,2,3,4,4,3,2,4,3,4,3,2,2,3,3,4,2,4,3,4,4,4,2,4,4,4,3,2,4,2,4,4,3,4,4,3,3,3,4,4,4,2,4
1,3,0,3,1,6,2,?,0,4,3,3,5,?,3,4,4,2,3,3,5,3,3,3,1,3,3,2,5,5,5,3,1,1,1,4,1,2,1,4,4,3,3,5,5,5,4,2,3,3,1,1
1,6,0,8,1,6,2,?,0,3,3,4,5,4,3,5,4,4,4,3,4,4,3,4,2,2,3,3,5,5,5,2,2,4,3,4,4,4,4,4,3,3,3,4,4,4,2,2,4,4,1,3
1,6,1,12,1,6,1,2,0,3,3,3,3,5,3,3,3,3,3,3,4,2,3,3,1,2,3,1,3,4,3,2,1,2,1,3,3,3,3,2,1,3,3,3,3,3,4,2,2,2,1,1
1,6,0,4,1,6,1,7,0,3,2,3,4,3,2,3,4,3,4,3,4,3,2,2,1,1,2,2,4,4,4,1,1,1,1,3,1,4,4,2,2,2,2,4,4,4,4,2,2,3,1,2
1,6,0,3,1,6,2,?,0,2,2,2,5,4,3,3,3,3,3,2,5,2,3,3,1,3,2,3,4,4,4,1,1,1,1,2,4,2,1,4,2,1,1,3,3,3,2,2,1,4,1,1
1,6,0,10,1,6,2,?,0,3,3,4,4,4,3,4,4,4,4,2,4,3,3,3,3,2,4,3,4,4,4,3,2,2,2,3,4,5,4,3,3,3,3,3,3,3,3,3,2,4,1,3
1,6,1,1,1,6,2,?,0,4,4,3,4,4,4,3,2,2,3,2,2,3,3,4,2,3,3,4,5,5,5,2,1,3,3,5,1,3,2,4,4,3,3,2,3,4,5,3,5,5,1,2
1,6,1,10,1,6,1,4,0,2,3,2,4,4,4,4,?,3,3,2,3,2,2,3,1,1,2,1,3,3,3,1,1,1,1,2,1,1,1,1,1,2,2,4,4,4,3,2,3,1,1,1
1,5,1,?,1,6,1,2,0,4,4,3,5,5,3,4,5,4,4,4,5,3,3,3,1,1,3,2,4,4,5,1,3,3,3,3,3,3,3,3,3,3,3,4,5,5,5,3,4,4,1,3
1,6,1,18,1,6,1,3,0,3,3,3,5,4,3,3,3,3,3,3,4,3,3,3,1,2,3,2,4,4,4,1,1,1,1,3,1,1,2,2,2,2,2,4,3,4,4,2,4,4,1,1
1,1,0,7,1,6,1,6,0,2,3,3,5,5,2,5,5,3,3,3,4,1,?,?,1,2,3,3,5,5,5,1,1,1,2,2,2,3,4,4,5,2,2,5,5,5,5,2,3,5,1,3
1,1,1,2,1,6,2,?,1,3,3,4,5,5,4,3,5,3,4,3,3,4,3,4,3,2,2,3,4,4,4,2,2,4,2,3,3,4,3,5,4,4,4,5,3,5,3,4,4,4,4,2
1,1,0,6,1,6,2,?,0,3,2,3,4,4,4,2,2,2,2,2,3,1,1,2,1,2,4,2,5,5,5,1,1,2,2,2,2,3,1,4,2,2,2,4,3,3,4,1,1,1,1,1
1,6,0,6,1,6,2,?,0,1,3,3,4,4,1,4,2,4,3,2,4,3,1,5,1,1,2,?,5,5,5,1,1,2,2,5,2,2,2,3,2,2,1,2,5,2,4,2,4,4,1,5
1,4,0,1,1,6,2,?,0,4,4,3,4,4,4,4,4,3,3,4,3,3,3,2,2,3,3,3,3,3,3,3,3,2,2,3,2,4,4,3,3,3,3,4,4,4,4,3,3,3,3,3
1,1,1,20,1,6,1,2,0,2,3,3,5,3,4,1,5,2,4,2,5,4,5,2,1,1,2,1,5,5,5,1,2,1,1,2,5,3,5,5,5,1,1,3,1,4,2,2,2,2,1,2
1,4,0,4,1,6,2,?,0,2,3,2,5,4,2,2,4,2,2,2,4,2,2,3,1,2,3,3,4,4,5,1,1,1,1,2,2,3,1,2,1,2,1,5,5,5,5,?,3,4,1,1
1,5,0,7,1,6,2,?,0,4,4,4,4,4,3,4,3,3,3,2,4,3,3,3,1,3,4,3,4,3,4,1,2,2,2,3,1,2,1,4,4,3,3,5,5,5,?,2,2,2,1,1
1,1,0,10,1,6,2,?,1,3,4,4,5,5,4,4,4,4,4,3,5,4,4,5,2,1,3,2,5,5,5,2,1,4,4,4,2,3,3,4,4,4,4,4,3,3,3,3,5,5,3,4
1,6,1,20,1,6,1,?,0,4,4,4,4,4,3,4,?,4,4,4,2,4,4,3,3,4,3,3,4,4,4,4,2,4,4,4,2,2,3,3,3,4,4,4,3,4,3,4,4,4,3,2
1,1,1,4,1,6,2,?,0,1,1,2,5,3,5,3,3,2,3,3,1,1,2,4,1,1,3,1,4,4,4,1,1,1,1,1,1,1,1,1,1,1,1,4,2,4,4,1,1,3,1,1
1,6,0,7,1,6,1,7,0,4,3,3,1,1,2,2,2,3,3,4,4,3,3,3,4,4,4,4,3,2,2,5,4,4,4,4,4,4,3,3,3,4,4,1,2,2,2,3,3,2,5,4
1,5,1,17,1,6,1,2,0,2,2,2,3,3,3,2,3,2,3,2,5,3,3,3,1,1,4,1,4,4,4,1,1,1,1,2,3,3,4,4,4,2,2,4,2,4,3,2,2,3,2,2
1,6,1,6,1,6,1,7,0,3,3,4,4,4,3,4,4,3,3,3,4,3,3,4,2,2,2,2,4,5,5,3,3,3,2,3,1,4,3,2,3,3,4,3,5,5,5,4,5,5,1,2
1,6,0,10,1,6,2,?,1,3,3,5,2,2,3,4,3,3,4,2,3,4,4,4,4,3,4,4,4,4,5,4,2,3,3,3,1,3,3,2,2,5,5,5,3,5,4,5,5,5,2,4
1,6,1,19,1,6,1,2,0,3,2,3,5,5,3,4,4,2,2,4,3,3,2,2,1,3,2,4,3,2,3,3,1,1,1,3,1,1,1,2,3,2,2,2,2,2,2,2,3,3,1,2
1,6,1,12,1,6,1,4,0,2,2,2,5,4,4,4,4,3,4,3,5,3,2,2,1,2,3,3,5,5,5,1,1,1,1,3,2,1,3,2,2,2,2,4,2,4,4,1,1,4,1,2
1,6,1,12,1,6,1,6,0,2,3,3,4,3,?,4,4,2,4,3,4,2,3,?,1,2,4,3,5,5,5,1,1,1,1,4,1,2,2,5,4,3,3,5,4,3,3,2,3,4,1,1
1,2,0,5,1,6,2,?,0,3,3,3,4,4,3,4,4,4,4,4,3,4,3,3,1,3,4,3,5,5,4,1,1,2,2,3,1,1,2,4,3,2,2,4,3,3,4,1,3,3,1,1
1,1,0,14,1,6,2,?,0,4,4,5,5,4,3,5,4,4,4,4,2,4,?,?,1,3,4,?,4,5,5,3,1,?,?,3,2,4,?,4,?,3,3,5,5,4,5,4,4,4,1,1
1,5,0,6,1,6,2,?,0,3,2,3,5,5,2,3,3,4,4,3,3,2,3,2,2,2,2,3,4,4,5,3,3,2,2,4,2,2,1,3,4,3,3,5,2,2,2,4,4,4,1,2
1,5,0,3,1,6,2,?,0,4,4,4,5,5,3,4,5,3,4,3,5,4,4,3,2,2,5,2,5,5,5,1,1,2,2,3,2,4,1,5,5,4,3,5,3,4,5,1,4,5,1,1
1,1,0,4,1,6,2,?,0,3,3,3,3,3,3,3,3,?,?,?,?,?,?,?,1,2,4,2,4,5,5,1,1,1,1,2,3,4,2,4,3,1,1,3,3,3,3,1,1,1,1,1
1,1,0,2,1,6,?,?,0,2,2,2,3,4,4,3,3,2,2,2,5,2,3,3,?,2,4,4,4,5,5,1,1,2,2,3,5,5,5,5,5,2,3,4,4,4,4,2,3,3,3,5
1,4,0,1,1,6,2,?,0,3,3,3,5,4,4,4,4,3,3,3,3,3,3,4,3,4,4,4,4,4,4,3,3,2,4,4,3,5,2,5,5,3,3,4,3,3,4,3,3,3,3,2
1,6,0,8,1,6,1,7,0,3,4,4,5,5,3,4,4,3,4,4,2,3,2,3,2,2,4,2,3,4,4,2,3,3,3,3,2,2,2,4,4,4,4,5,5,5,5,?,2,4,1,2
1,3,0,8,1,6,2,?,0,3,3,3,4,3,2,3,3,3,3,3,5,3,3,3,2,2,3,2,4,4,4,2,2,3,2,2,2,4,2,4,4,3,3,3,3,3,3,3,3,2,2,3
1,5,0,?,1,6,2,?,1,4,2,2,5,4,3,3,4,3,3,2,5,2,3,3,1,1,4,2,4,5,5,1,1,3,2,4,2,3,3,4,?,2,2,5,5,5,5,1,3,4,1,2
1,6,0,15,1,6,1,7,0,2,1,2,4,4,4,3,3,3,3,4,3,1,2,2,2,2,2,2,4,4,4,2,1,2,2,3,2,3,2,4,4,3,3,5,5,5,5,2,3,2,1,1
1,5,0,4,1,6,2,?,0,3,4,5,5,5,2,4,4,3,4,3,3,2,1,2,1,2,3,4,5,5,5,2,1,4,5,2,2,5,4,4,2,3,3,?,?,?,?,5,5,5,1,1
1,6,0,10,1,6,1,6,0,2,2,2,5,5,2,2,3,4,4,2,4,4,?,?,1,2,2,2,4,3,3,1,1,1,1,2,1,3,3,4,?,1,1,5,4,5,5,1,3,4,1,1
1,1,0,15,1,6,2,?,0,3,4,3,4,4,4,4,4,3,3,3,3,3,3,3,3,2,3,3,4,4,4,3,3,3,3,4,1,2,2,4,4,3,4,4,3,4,3,3,4,4,2,5
1,1,0,3,1,6,2,?,0,2,2,2,5,5,5,5,5,2,2,5,2,2,2,5,2,2,4,3,5,5,5,2,?,2,2,2,4,5,1,5,3,2,2,5,5,5,5,2,2,2,2,4
1,6,1,23,1,6,1,2,0,2,3,2,5,4,3,1,3,4,4,4,5,2,1,3,1,1,5,1,4,4,5,1,1,1,1,1,1,1,1,2,2,3,1,2,5,5,5,1,3,4,1,1
1,6,1,12,1,6,1,4,0,4,4,3,4,2,4,2,4,2,4,2,2,2,4,4,2,2,4,2,5,4,5,1,1,2,2,4,2,3,2,3,4,4,3,4,5,4,4,2,4,4,1,2
1,1,0,6,1,6,1,4,0,4,4,5,5,5,?,3,4,4,4,4,2,3,4,3,3,1,1,?,4,4,4,3,3,4,3,4,2,4,4,2,2,3,5,5,4,5,4,4,4,5,1,5
1,1,1,4,1,6,2,?,0,3,3,4,5,2,4,4,4,3,3,3,4,3,3,3,1,1,2,5,5,5,5,3,1,1,1,3,1,3,1,5,3,5,5,5,5,5,5,3,5,5,1,1
1,1,0,2,1,6,2,?,0,3,3,3,4,4,5,4,4,3,4,3,3,3,3,3,1,1,3,2,3,3,3,2,1,1,2,1,3,1,1,?,?,?,?,?,?,?,?,3,4,4,2,1
1,6,0,6,1,6,2,?,1,3,4,3,4,4,4,4,4,3,3,2,5,3,3,5,4,4,4,4,4,4,4,3,2,3,3,4,4,3,3,3,3,3,3,4,4,4,4,3,5,4,3,2
1,6,0,1,1,6,2,?,1,5,5,5,4,4,4,3,3,4,5,4,3,4,4,5,4,5,5,4,5,4,5,2,3,4,4,5,4,5,4,4,4,4,4,4,4,3,3,3,4,4,3,4
1,1,0,6,1,6,2,?,0,2,3,5,5,3,3,4,4,2,3,2,2,2,2,3,1,1,1,1,4,4,4,2,2,2,2,5,2,2,1,3,3,2,3,5,2,2,5,4,5,5,1,2
1,1,1,27,1,6,1,2,0,2,2,3,5,4,3,4,4,4,4,3,4,3,2,4,1,2,2,2,5,5,4,2,1,1,1,2,1,4,1,4,3,2,2,5,5,5,5,?,2,4,1,1
1,3,0,7,1,6,2,?,0,4,4,4,4,4,3,3,5,3,4,4,3,3,4,5,2,3,2,3,4,5,4,1,4,3,3,4,4,4,3,5,4,4,5,4,2,5,3,3,4,2,1,4
1,4,1,20,1,6,1,2,0,2,2,3,4,4,3,3,3,2,3,2,3,2,2,3,2,1,3,2,4,3,4,2,1,2,2,3,1,3,2,3,2,2,2,3,3,3,3,2,3,2,1,1
1,1,1,11,1,6,2,?,0,1,2,2,5,5,?,4,4,2,2,2,2,1,?,?,1,1,?,?,5,5,4,1,1,1,1,1,1,4,4,3,3,2,?,5,5,5,5,2,2,?,1,2
1,6,0,3,1,6,2,?,1,4,3,4,5,5,5,5,5,4,4,4,3,4,5,5,3,4,5,4,5,5,5,4,2,4,4,4,4,4,2,5,4,5,5,4,4,3,3,4,5,5,4,1
1,5,1,15,1,6,1,6,0,3,3,3,4,4,4,4,4,3,3,3,3,3,3,3,3,3,3,3,3,3,3,2,3,3,3,3,3,2,3,3,3,3,3,3,3,3,3,3,3,3,3,3
1,6,0,4,1,6,1,7,0,5,5,4,5,4,2,4,4,4,3,3,5,3,?,?,2,3,3,4,4,3,5,2,2,3,3,5,?,3,2,4,4,4,4,4,5,5,3,5,5,5,1,2
1,6,1,4,1,6,2,?,0,2,2,3,4,4,3,3,2,3,4,3,3,3,3,3,1,1,2,3,5,5,5,1,1,1,2,?,1,3,1,5,3,3,2,5,5,5,5,3,3,4,1,4
1,6,0,4,1,6,2,?,0,3,2,3,5,5,4,4,4,3,3,3,2,2,2,3,1,2,3,2,4,4,5,1,1,1,1,3,4,4,2,4,4,2,2,4,2,2,4,2,4,4,2,1
1,5,0,4,1,6,1,6,0,2,3,2,3,3,3,4,4,2,3,2,5,1,3,3,1,1,2,2,4,4,4,1,2,2,2,2,2,3,3,5,5,4,3,3,5,5,3,2,2,4,2,2
1,1,0,1,1,6,2,?,0,4,2,3,3,4,3,5,5,3,5,2,3,3,?,?,2,2,4,4,5,5,5,2,1,2,3,5,1,1,2,4,4,3,3,5,5,5,5,4,5,5,1,5
1,1,1,18,1,6,1,2,0,2,3,3,5,1,?,4,3,1,2,1,1,?,3,?,1,2,4,?,4,5,5,2,2,2,2,3,3,3,2,?,?,?,?,?,?,?,?,1,2,2,3,1
1,3,0,7,1,6,1,7,0,3,4,3,4,4,2,4,4,3,3,2,2,?,2,3,1,2,2,2,4,4,3,1,1,2,2,2,1,1,1,3,3,2,2,2,2,2,2,1,2,3,1,1
1,5,1,8,1,6,1,5,0,3,2,3,4,4,3,5,4,3,3,3,4,3,2,3,1,2,3,3,4,4,3,1,1,1,2,2,1,3,1,3,2,1,1,4,3,4,3,3,4,4,1,1
1,1,0,5,1,6,2,?,0,1,2,2,5,5,3,1,5,3,3,1,5,3,2,3,1,2,2,1,5,5,5,1,1,1,1,3,1,3,1,1,1,3,3,1,1,2,1,1,3,3,1,1
1,6,1,14,1,6,1,7,0,3,3,3,3,3,3,3,3,3,3,3,3,3,3,3,3,3,3,3,3,3,3,3,3,3,3,3,3,3,3,3,3,3,3,3,3,3,3,3,3,3,3,3
1,1,0,4,1,6,2,?,1,2,2,3,4,4,3,3,4,3,4,3,5,3,3,3,2,3,4,3,3,3,3,1,1,2,2,3,1,2,1,2,1,1,1,3,3,3,3,2,2,4,2,1
1,5,1,8,1,6,1,4,0,3,2,3,5,3,2,4,4,3,3,3,3,4,3,1,1,2,2,2,4,4,5,2,1,1,3,2,3,2,3,1,3,2,3,5,2,2,5,4,4,4,1,5
1,5,1,20,1,6,1,3,0,4,2,3,5,5,4,5,5,2,3,3,2,2,2,2,1,2,1,2,2,3,5,2,2,2,1,1,3,2,2,2,1,2,2,3,3,3,3,2,3,2,2,2
1,5,0,16,1,6,2,?,0,2,3,2,4,4,?,5,5,3,3,2,5,1,2,2,1,1,2,1,5,4,5,1,1,1,1,2,1,1,1,3,2,3,3,4,3,5,5,1,2,2,1,1
1,6,0,7,1,6,2,?,0,2,3,4,5,5,3,5,4,5,5,5,2,5,3,3,1,1,1,3,5,5,4,3,1,3,2,3,1,3,2,1,1,2,2,5,5,4,5,4,5,5,1,1
1,1,0,9,1,6,2,?,0,3,5,5,5,5,4,5,5,4,?,3,3,2,4,4,5,2,2,3,5,5,5,3,3,5,5,5,4,5,4,4,4,4,4,5,5,4,5,5,5,5,2,4
1,6,0,5,1,6,2,?,0,3,3,3,5,5,5,4,5,4,4,3,3,3,2,3,2,2,2,2,3,4,5,3,2,1,1,4,1,2,1,5,5,3,3,4,4,4,4,3,3,3,1,5
1,3,1,4,1,6,2,?,0,3,2,3,4,4,3,3,4,3,4,3,4,3,3,3,1,2,4,3,4,4,4,1,1,1,1,3,1,1,1,3,4,3,2,4,3,5,3,1,1,1,1,1
1,1,1,6,1,6,2,?,0,3,2,5,4,5,5,5,5,3,4,3,4,3,3,3,1,2,2,2,5,5,5,3,2,1,1,3,2,3,2,2,2,3,3,5,4,4,4,4,4,4,2,1
1,1,0,4,1,6,2,?,1,4,4,4,4,4,4,4,4,3,3,3,3,3,3,3,3,3,3,3,3,4,3,4,3,4,4,3,3,2,3,4,4,4,4,3,3,4,3,4,3,4,3,4
1,6,1,14,1,6,1,2,0,2,2,2,5,5,4,4,4,2,4,2,5,2,4,4,2,2,2,2,4,2,5,2,2,2,2,2,2,4,4,3,1,2,3,4,4,4,5,2,4,4,2,2
1,3,0,3,1,6,1,7,1,4,3,4,5,5,4,5,4,4,4,4,2,4,?,4,3,3,5,4,4,4,5,4,4,5,4,4,2,4,3,4,?,4,4,5,4,?,5,4,4,4,3,4
1,6,1,13,1,6,1,7,0,3,3,4,5,4,?,3,4,4,4,3,?,?,?,?,1,3,4,2,5,5,5,3,1,3,3,2,2,1,1,3,3,3,3,5,4,4,4,4,5,5,1,1
1,3,1,4,1,6,2,?,0,3,3,3,4,2,2,4,4,3,2,2,3,2,3,3,3,3,3,3,4,4,4,3,3,3,3,4,3,2,3,3,3,3,3,5,5,5,5,4,4,4,3,3
1,6,0,1,1,6,2,?,0,4,3,4,4,4,3,3,4,4,4,3,5,3,4,3,4,4,4,2,5,5,5,3,1,4,4,3,3,5,3,5,5,4,4,4,4,4,4,4,4,5,1,5
1,6,0,5,1,6,1,6,0,2,2,2,5,5,4,4,5,3,3,3,4,2,3,3,2,2,4,3,5,5,5,2,2,3,3,3,2,5,4,3,3,3,?,5,5,5,5,3,3,4,2,3
1,6,0,4,1,6,1,7,0,4,3,3,5,5,5,4,4,4,4,4,3,4,4,3,4,3,5,5,5,5,5,4,3,2,2,4,2,4,5,5,5,4,5,5,3,5,4,4,5,5,1,1
1,1,0,5,1,6,2,?,1,?,?,2,5,4,?,1,?,2,2,2,4,?,?,?,1,?,4,?,4,4,4,1,1,1,?,1,1,2,2,4,4,1,1,?,?,?,4,2,2,2,1,4
1,6,1,5,1,6,1,7,0,4,4,4,4,4,4,4,4,3,4,3,3,3,4,4,2,3,4,4,5,5,5,2,4,3,3,3,2,2,3,3,3,3,3,5,5,5,4,3,3,4,1,4
1,1,1,4,1,6,1,7,0,2,4,5,5,5,3,5,5,4,3,4,2,3,3,4,1,2,4,2,4,4,4,1,4,3,2,4,3,2,3,4,4,3,4,4,3,3,3,3,4,5,2,4
1,1,0,4,1,6,2,?,0,4,4,4,3,4,3,4,4,5,5,5,2,4,4,4,2,3,3,4,3,2,2,1,1,1,2,5,1,1,4,2,2,5,4,5,1,1,2,2,2,4,2,1
1,5,1,17,1,6,1,2,0,3,3,3,4,3,?,3,4,3,3,3,3,?,?,?,1,?,?,?,?,4,4,1,1,2,2,?,1,1,1,?,?,?,?,?,?,?,?,2,4,4,1,?
1,2,0,3,1,6,2,?,0,2,2,3,5,4,3,4,4,3,3,2,5,3,3,3,4,3,4,3,4,5,4,1,1,3,3,3,1,3,1,5,4,3,3,4,3,3,3,2,3,2,1,1
1,5,1,15,1,6,1,2,0,2,2,2,4,2,2,3,2,2,2,2,5,3,2,3,1,2,4,2,4,2,4,2,2,2,2,2,2,2,2,2,2,2,2,4,5,4,3,2,2,2,2,2
1,5,0,20,1,6,1,2,0,2,3,3,4,4,2,3,3,3,3,2,4,3,2,2,1,1,4,3,5,5,4,2,1,2,2,2,2,2,2,5,4,3,3,5,5,5,5,3,4,4,1,1
1,6,1,11,1,6,2,?,0,2,2,2,5,3,2,2,5,2,2,2,5,2,2,2,1,1,1,1,3,2,2,1,1,1,1,2,2,2,1,?,?,2,2,2,3,3,3,2,4,4,1,1
1,1,0,5,1,6,1,5,1,3,3,4,5,5,1,3,3,3,3,3,3,3,3,1,1,3,4,4,5,4,5,1,1,3,3,4,1,2,1,3,4,2,1,3,3,4,4,2,4,5,1,3
1,6,0,4,1,6,2,?,0,2,2,2,3,3,3,3,3,3,3,2,4,3,2,2,1,2,3,3,4,5,5,1,1,2,2,3,3,4,5,1,2,3,3,3,3,3,3,3,3,2,2,3
1,6,0,1,1,6,1,6,0,3,3,3,5,?,3,5,5,3,2,?,4,3,3,3,1,3,4,3,4,3,5,1,1,2,3,2,5,5,3,3,3,3,3,3,3,3,3,2,4,5,1,2
1,5,0,5,1,6,2,?,0,3,3,3,3,3,3,3,3,4,4,4,4,3,3,3,3,2,3,2,5,5,5,?,4,3,2,?,4,4,2,5,?,3,3,3,3,3,3,4,4,4,4,4
1,1,0,4,1,6,2,?,0,3,3,3,4,4,?,3,4,3,4,3,4,3,3,?,2,2,4,?,4,5,5,1,1,3,3,3,1,3,3,4,?,?,?,5,4,5,4,3,3,2,1,2
1,3,0,4,1,6,2,?,0,3,3,3,5,5,3,3,4,1,4,3,3,3,2,3,3,3,3,3,3,3,3,1,1,3,3,3,1,3,1,5,5,1,3,5,5,5,5,2,2,2,1,4
1,1,0,3,1,6,2,?,0,4,4,5,5,5,2,5,3,4,4,4,2,3,3,3,3,3,4,3,4,5,5,1,1,3,1,4,1,3,2,3,3,3,3,4,2,2,3,3,2,3,1,5
1,6,1,7,1,6,1,7,0,3,2,2,5,4,4,5,2,2,2,1,5,3,2,1,1,2,2,1,4,4,4,1,1,2,1,2,4,4,3,1,1,1,1,3,1,2,4,2,2,1,1,3
1,6,0,4,1,6,2,?,0,3,3,2,5,4,2,4,4,5,5,4,3,3,2,2,1,2,2,2,3,4,4,1,1,1,1,3,5,3,1,5,4,2,2,5,5,5,5,2,4,4,1,1
1,1,0,4,1,6,2,?,0,5,5,5,5,5,3,5,5,4,4,3,3,3,3,3,3,4,4,3,4,4,5,3,1,3,3,4,3,3,3,5,3,3,3,3,3,5,3,5,5,5,1,3
1,1,0,20,1,6,1,6,0,3,3,3,5,5,3,4,5,5,5,5,?,5,3,3,3,3,5,3,5,5,5,1,1,4,5,5,5,3,1,5,3,4,3,5,5,5,5,3,5,5,1,5
1,1,0,0,1,6,2,?,0,2,2,3,3,?,2,2,2,3,3,3,4,3,2,3,3,2,2,3,3,2,2,1,3,2,3,2,2,3,4,4,3,3,4,3,3,3,4,3,3,3,3,4
1,1,0,3,1,6,2,?,1,2,?,4,4,4,3,4,3,4,4,3,3,4,4,4,4,3,3,2,4,4,4,4,1,4,3,4,5,5,1,4,4,3,4,4,3,?,4,4,4,4,5,1
1,6,0,1,1,6,2,?,0,5,1,5,5,5,5,3,3,4,5,4,4,5,1,3,3,3,4,3,5,5,5,5,4,5,5,5,3,5,5,4,4,5,5,5,5,5,5,5,5,5,1,2
1,6,0,4,1,6,1,6,0,4,4,4,5,?,4,4,4,4,4,4,3,4,2,3,3,4,4,5,5,4,5,2,2,4,4,4,4,5,3,5,5,4,4,5,5,5,5,4,4,5,2,3
1,4,0,3,1,6,2,?,1,5,3,5,5,5,5,3,5,3,3,2,4,4,3,3,4,4,4,1,5,5,5,4,3,4,3,3,5,5,5,5,5,3,4,5,5,2,2,4,4,4,3,5
1,1,1,21,1,6,2,?,0,2,2,2,3,3,4,4,4,2,2,3,4,3,3,3,1,1,3,2,5,5,5,1,1,3,2,2,5,5,5,5,4,3,3,3,4,3,4,3,3,2,1,4
1,6,0,2,1,6,2,?,0,4,4,4,5,4,4,4,5,3,4,2,4,2,4,4,2,2,2,2,4,5,5,1,1,2,2,4,3,2,2,5,5,3,3,5,5,2,5,2,2,4,1,5
1,1,1,3,1,6,2,?,0,3,3,4,3,3,1,2,2,3,3,2,3,3,3,2,3,3,3,2,3,3,3,3,4,3,2,3,1,1,1,4,?,3,3,?,3,4,3,3,4,4,1,2
1,1,0,6,1,6,1,6,0,3,3,3,5,5,?,4,4,4,4,4,2,3,?,?,2,3,?,?,5,5,4,2,1,3,?,5,1,2,1,4,?,3,3,4,4,3,3,4,4,4,1,4
1,6,0,6,1,6,1,7,1,3,4,4,5,5,5,3,5,2,3,2,3,1,3,4,1,2,4,4,5,5,5,2,1,3,5,3,2,2,4,3,4,3,2,4,4,2,5,2,4,5,3,3
1,5,0,11,1,6,1,6,0,3,3,3,3,3,3,3,3,3,3,3,4,4,3,3,1,3,4,3,3,3,3,1,1,1,1,3,1,2,2,3,2,2,2,3,3,4,4,1,1,1,1,1
1,5,0,10,1,6,2,?,0,4,4,4,5,5,3,5,4,3,3,3,3,2,4,4,4,4,4,4,5,5,5,3,3,4,4,5,4,4,4,5,4,4,5,4,4,5,4,4,4,4,3,5
1,3,1,7,1,6,2,?,0,3,4,4,5,5,?,5,5,4,4,5,3,4,?,?,2,3,4,3,4,4,5,3,1,3,4,3,1,4,2,4,4,4,3,3,3,4,5,3,5,5,1,1
1,6,0,3,1,6,2,?,0,3,3,3,4,4,4,4,4,2,3,2,3,3,3,3,2,2,3,2,4,4,4,1,1,2,2,3,3,2,2,4,4,3,3,4,4,3,3,2,2,3,1,2
1,3,1,6,1,6,2,?,0,1,1,3,5,4,3,1,2,3,3,2,3,3,3,3,1,1,2,2,2,5,5,1,2,2,2,1,1,4,3,5,4,2,2,3,2,3,5,3,3,3,2,3
1,1,0,15,1,6,1,7,0,3,3,2,5,5,4,4,4,4,4,4,3,2,3,4,1,2,4,2,4,4,4,?,?,1,1,2,1,1,1,3,4,2,3,4,4,2,2,2,?,?,?,4
1,2,1,10,1,6,2,?,0,5,5,4,5,5,5,5,5,3,3,3,3,2,2,3,1,1,4,2,4,5,5,1,1,1,1,2,3,3,2,5,5,4,4,3,2,2,4,3,3,3,2,4
1,5,1,5,1,6,1,5,0,3,3,3,3,3,3,4,4,2,2,3,3,3,3,3,3,2,2,2,3,3,3,3,3,3,3,2,3,1,1,3,3,3,?,3,3,?,1,?,3,3,3,1
1,3,1,8,1,6,1,5,0,2,3,3,5,4,3,3,5,4,4,4,5,4,3,4,3,3,4,3,4,3,5,2,1,2,2,4,2,4,2,4,3,3,3,4,3,3,5,3,4,4,1,3
1,2,0,3,1,6,2,?,0,4,4,4,4,4,3,4,4,4,4,4,2,4,4,3,1,3,3,4,4,4,4,?,?,3,1,4,1,2,1,?,?,?,?,?,?,?,?,?,?,?,?,?
1,6,1,6,1,6,2,?,0,2,4,3,4,5,3,5,3,4,5,4,3,5,3,2,2,1,2,?,5,5,4,2,2,3,3,3,3,4,3,5,?,3,?,5,?,?,?,5,5,5,1,4
1,6,0,7,1,6,1,6,0,5,4,4,5,5,4,5,4,4,4,3,2,3,3,3,1,1,2,2,4,4,5,2,2,4,2,4,4,4,4,4,4,3,4,5,3,4,5,4,3,5,1,2
1,1,0,2,1,6,2,?,0,2,2,2,5,5,?,3,2,3,3,2,4,2,2,?,1,3,2,2,3,2,2,2,1,2,2,4,2,3,1,4,4,2,2,4,3,5,5,4,3,5,1,3
1,1,0,15,1,6,2,?,0,3,3,4,4,4,3,4,4,3,4,4,3,4,4,3,3,3,4,4,4,4,4,2,2,4,4,4,1,1,1,4,4,4,4,4,4,4,4,3,4,4,1,4
1,3,0,3,1,6,2,?,1,4,4,3,3,4,4,4,3,3,3,3,4,4,4,4,4,3,3,3,5,5,5,5,4,3,3,?,4,2,3,5,5,5,?,5,4,5,4,4,4,2,4,3
1,1,0,2,1,6,2,?,0,2,2,5,5,5,2,3,?,5,4,4,?,4,2,4,?,2,4,3,3,5,5,1,1,1,1,?,1,1,1,5,4,2,2,4,4,4,3,1,1,5,1,4
1,6,0,5,1,6,2,?,0,4,4,4,4,4,3,4,4,3,4,3,4,4,3,3,3,4,3,3,4,4,4,3,3,4,4,3,2,4,2,4,4,4,4,4,3,3,3,3,3,2,2,3
1,6,0,3,1,6,1,6,0,3,2,3,4,4,3,2,3,3,3,2,2,3,3,3,2,2,4,3,4,4,4,2,2,2,2,3,2,2,3,3,2,2,2,3,3,2,2,2,3,3,1,3
1,1,0,2,1,6,2,?,0,5,5,5,5,5,5,5,5,5,5,5,3,5,3,3,5,5,3,3,5,5,5,3,1,5,5,5,5,5,3,3,3,5,5,5,5,3,3,5,5,5,1,5
1,3,0,15,1,6,2,?,0,2,2,2,4,2,2,1,2,1,1,1,5,1,2,2,1,2,2,2,3,1,4,1,1,1,1,4,1,1,1,5,3,3,3,5,5,5,5,1,3,3,1,1
1,6,0,2,1,6,2,?,0,4,4,4,4,4,4,4,4,4,4,3,3,3,3,4,2,2,3,3,4,4,5,2,2,3,3,4,4,4,3,3,3,3,4,5,3,3,?,3,3,3,2,2
1,1,1,1,1,6,1,6,0,2,2,4,3,3,?,2,3,2,2,2,2,2,2,3,2,2,4,4,4,3,3,2,1,2,3,3,2,2,4,3,2,2,2,2,2,3,3,4,4,4,1,2
1,3,0,2,1,6,2,?,0,3,2,3,4,4,3,4,4,2,3,2,3,3,3,3,3,2,3,4,4,4,4,3,1,4,4,3,2,2,2,5,4,3,3,3,3,4,3,4,4,4,2,3
1,6,0,1,1,6,2,?,0,5,5,5,5,5,3,5,5,3,4,4,3,4,3,3,2,3,3,3,5,5,5,1,1,3,3,5,2,3,2,4,4,4,4,5,5,5,3,4,4,4,1,1
1,6,0,2,1,6,2,?,1,2,2,2,2,2,2,2,2,2,2,2,2,3,2,2,3,2,2,3,2,2,2,3,3,3,3,2,3,3,3,3,3,3,3,3,3,3,3,3,3,3,3,4
1,5,1,13,1,6,1,7,0,2,1,2,5,4,?,4,3,3,2,3,5,2,?,?,1,2,4,2,4,4,3,1,1,1,1,2,1,3,1,5,5,2,2,?,?,?,?,4,4,4,1,1
1,6,1,3,1,6,1,5,0,4,4,4,5,5,3,4,4,4,4,4,3,3,3,3,1,3,5,3,5,5,5,2,1,1,1,4,1,2,2,5,5,3,3,5,4,4,4,2,2,5,1,1
1,3,0,1,1,6,2,?,0,4,3,3,5,4,3,5,5,3,3,2,4,3,4,3,2,2,3,3,5,5,5,2,1,3,3,4,1,2,1,5,5,3,3,4,5,5,4,2,4,4,1,2
1,6,0,10,1,6,1,4,0,4,3,3,5,3,3,4,3,3,3,?,5,3,3,?,1,2,5,3,5,3,4,1,3,1,1,5,3,4,3,3,3,3,2,3,1,3,1,1,3,4,2,2
1,3,0,1,1,6,2,?,0,5,5,5,4,4,4,4,4,4,4,4,4,4,4,4,3,4,4,4,4,4,4,2,2,3,3,4,2,2,2,5,5,5,5,4,4,4,4,2,2,2,3,2
1,6,0,4,1,6,1,7,1,2,2,2,4,4,2,3,3,3,3,2,2,2,2,2,2,2,2,2,5,5,5,2,1,2,2,3,2,?,3,3,2,3,3,5,5,5,5,4,3,4,2,3
1,2,0,10,1,6,2,?,0,4,4,4,4,4,3,5,2,4,4,4,2,4,4,3,2,3,4,4,2,4,4,3,4,4,4,4,4,5,1,5,4,4,4,5,2,4,5,3,4,5,1,5
1,1,0,9,1,6,1,7,0,3,3,3,5,4,?,4,4,3,3,3,3,2,?,?,1,2,2,2,5,5,5,1,1,3,3,3,1,1,?,5,5,3,3,5,5,5,5,2,2,2,1,1
1,4,0,?,1,6,2,?,0,5,4,5,5,4,4,5,5,4,4,3,3,3,3,4,2,4,3,3,5,5,5,3,3,3,3,3,4,5,4,5,?,3,3,5,3,5,4,3,3,2,3,3
1,1,1,4,1,6,2,?,0,3,3,3,5,5,3,4,4,2,?,3,3,3,3,3,1,2,3,3,3,3,5,1,1,2,1,3,1,1,2,4,4,2,2,3,2,2,2,2,3,3,1,3
1,5,0,10,1,6,1,7,0,2,2,4,5,5,3,5,4,4,4,4,4,4,3,3,1,3,4,4,5,5,5,2,2,4,4,4,1,1,1,3,3,4,3,4,3,3,2,1,4,4,1,1
1,6,1,3,1,6,1,7,0,2,2,2,4,4,3,3,3,3,3,2,3,3,3,3,1,3,3,4,4,4,4,2,2,2,2,2,2,4,2,4,4,3,3,4,4,4,4,2,2,2,1,2
1,1,0,1,1,6,2,?,0,2,2,3,5,5,3,3,3,3,3,3,3,2,?,?,1,1,4,2,5,5,5,2,1,1,1,2,1,3,1,5,5,2,2,4,3,4,4,2,2,2,1,4
1,1,1,9,1,6,1,2,0,3,3,4,5,5,3,3,4,3,3,3,3,3,3,3,2,2,3,3,5,5,5,3,3,3,3,4,1,3,3,3,3,4,4,5,5,3,5,3,3,3,1,1
1,6,0,4,1,6,1,7,0,1,1,1,5,5,5,1,5,3,2,3,2,4,1,5,1,1,4,1,5,5,5,3,1,1,1,1,3,4,3,5,5,1,1,4,3,4,2,3,3,3,1,1
1,1,0,0,1,6,1,3,0,2,2,3,4,3,3,2,3,2,2,2,2,2,2,2,1,2,2,2,5,5,5,1,1,2,2,3,1,3,3,3,3,2,2,3,4,5,5,2,2,2,2,2
1,1,0,?,1,6,2,?,0,2,2,2,4,4,3,4,3,3,4,3,4,2,2,3,1,2,3,2,5,3,5,1,1,1,2,2,1,3,1,3,3,2,2,5,5,5,5,2,2,4,1,1
1,5,0,1,1,6,2,?,0,3,3,3,4,3,3,4,?,4,4,4,2,3,3,3,2,3,4,3,3,4,4,1,1,3,3,3,1,3,1,?,?,3,4,4,4,3,3,3,3,3,1,2
1,6,1,36,1,6,1,2,0,4,4,4,4,4,3,4,4,4,4,3,2,3,3,3,3,3,3,3,4,4,4,1,1,4,4,4,1,2,1,3,3,3,3,3,3,3,3,3,3,4,1,1
1,3,1,16,1,6,2,?,0,2,2,3,4,2,3,4,4,2,2,2,4,2,3,3,2,2,4,3,4,4,4,2,1,2,2,?,1,3,1,5,4,3,3,4,3,4,4,4,4,4,1,1
1,3,0,4,1,6,2,?,?,2,2,2,5,2,2,5,3,1,1,1,5,1,?,?,2,?,?,2,?,3,3,?,?,2,2,3,2,2,2,?,?,?,?,?,?,?,?,?,?,?,?,?
1,6,1,19,1,6,1,2,1,2,3,3,2,4,2,3,2,2,2,2,4,2,2,2,1,2,2,3,4,4,4,2,1,2,1,5,2,2,3,5,4,1,2,4,4,4,4,1,3,2,1,3
1,1,0,20,1,6,2,?,0,3,3,3,5,5,4,5,4,3,4,3,4,3,3,5,1,1,3,3,5,5,5,1,1,1,1,3,3,4,3,4,3,3,2,?,3,3,4,4,?,4,1,3
1,1,0,19,1,6,2,?,0,2,2,2,4,3,4,2,2,2,3,2,2,1,1,3,1,3,3,2,3,3,3,1,1,1,1,2,1,4,3,?,?,?,?,?,?,?,?,2,3,1,1,2
1,3,0,15,1,6,2,?,0,2,5,4,5,5,4,3,3,4,3,3,3,4,3,3,3,?,3,3,4,3,?,3,2,4,2,4,1,2,1,3,?,3,4,3,2,3,1,4,3,2,1,2
1,1,1,21,1,6,1,2,0,3,4,5,4,5,?,5,5,4,4,4,1,4,?,?,4,1,1,3,5,5,5,4,1,5,3,5,3,2,4,4,4,4,5,4,4,5,5,5,4,4,1,1
1,1,1,23,1,6,1,2,0,3,3,3,5,5,?,4,4,3,3,3,2,3,3,?,1,1,3,5,5,3,5,2,3,4,4,4,4,4,4,2,3,4,3,4,4,4,4,4,4,4,1,2
1,5,0,19,1,6,2,?,1,2,2,3,4,3,2,3,3,3,3,3,3,3,2,2,2,3,3,3,3,3,?,2,2,3,3,3,2,2,2,4,3,3,3,3,2,3,2,2,2,4,1,2
1,3,1,20,1,6,1,2,0,2,2,2,4,2,1,2,2,3,3,3,2,2,2,1,1,2,2,2,2,?,2,1,1,1,1,2,1,1,1,3,3,2,2,2,2,2,2,2,3,4,1,1
0,2,1,3,2,?,?,7,0,3,3,4,4,3,3,4,4,4,4,3,4,4,3,3,4,4,4,2,4,4,4,3,2,4,4,4,2,3,2,4,4,4,4,4,4,4,2,4,4,4,2,2
0,6,1,30,2,?,?,1,0,3,2,3,4,4,2,4,4,4,3,3,2,3,2,3,1,2,4,3,4,4,5,1,1,4,3,1,1,4,2,4,2,2,1,1,2,2,2,1,3,4,1,1
1,6,0,17,2,?,?,6,0,4,3,3,3,4,4,3,4,3,3,3,3,4,3,4,2,2,4,2,5,5,5,3,2,3,2,4,3,4,4,5,3,3,3,3,2,2,4,4,4,4,2,4
0,2,1,22,2,?,?,6,0,2,3,3,3,4,4,5,5,4,4,3,3,4,3,?,1,1,1,2,5,5,5,1,2,5,3,5,1,2,?,4,1,5,5,4,1,4,4,2,4,3,1,1
1,1,1,20,2,?,?,2,0,3,3,3,4,4,?,4,4,3,3,3,3,3,3,3,1,2,2,2,3,4,3,?,1,3,3,3,1,2,3,2,2,3,3,5,4,5,4,3,3,3,1,1
1,1,1,11,2,?,?,4,0,4,4,3,5,5,5,5,5,4,4,4,5,3,3,4,3,3,3,4,5,5,5,3,3,3,3,4,3,4,5,5,3,3,3,3,3,3,3,3,4,4,1,1
1,4,1,6,2,?,?,4,0,4,4,5,5,5,3,4,5,4,5,4,1,4,?,5,3,5,5,5,5,4,5,4,1,1,1,5,2,3,3,3,3,3,5,4,4,4,4,5,5,5,2,1
1,1,1,20,2,?,?,2,0,3,3,4,4,4,?,?,4,2,2,3,4,2,?,?,1,2,3,3,4,5,5,1,2,2,2,3,1,3,4,4,4,2,2,4,3,4,4,2,3,3,1,3
0,3,1,15,2,?,?,2,0,3,2,3,5,4,3,4,4,3,3,2,5,3,2,3,1,2,5,4,5,5,5,1,1,2,2,3,1,1,1,5,5,2,2,3,3,3,2,2,4,4,1,4
0,4,1,1,2,?,?,4,0,4,4,3,5,5,5,4,3,3,3,4,4,4,3,3,1,2,3,4,4,5,4,3,3,1,1,3,2,4,5,4,2,3,3,3,1,1,1,3,3,3,3,3
0,1,0,1,2,?,?,6,0,3,3,3,5,4,3,4,4,4,3,3,4,4,3,3,1,2,4,3,5,5,4,1,1,3,3,4,2,4,3,4,3,3,3,4,4,4,4,1,4,4,1,1
1,4,0,2,2,?,?,6,0,4,5,3,5,5,?,5,4,4,4,3,3,3,2,?,1,1,4,2,5,5,5,2,1,3,2,4,1,3,3,4,4,2,2,2,4,4,2,4,5,4,1,1
0,3,1,37,2,?,?,2,0,3,4,4,5,5,?,4,4,3,4,3,4,3,3,?,1,2,4,3,5,5,5,1,1,1,1,4,1,1,1,4,2,1,1,1,1,1,1,1,3,3,1,1
0,6,1,43,2,?,?,?,1,3,4,5,5,4,5,5,5,4,4,4,2,4,4,4,1,5,5,5,4,5,5,1,1,4,4,5,4,?,4,5,1,4,2,1,1,?,5,4,4,4,1,4
0,3,1,12,2,?,?,7,0,3,2,3,4,3,3,3,3,2,3,2,5,3,3,3,1,1,3,1,4,2,5,1,1,1,1,2,3,4,2,4,3,2,2,2,4,4,4,1,1,1,1,1
0,1,1,18,2,?,?,4,0,3,3,4,5,4,3,4,4,3,3,2,3,3,3,2,3,2,2,3,2,4,4,2,1,4,4,4,1,1,1,2,1,3,4,3,3,3,1,4,4,4,1,1
1,6,1,8,2,?,?,4,0,1,1,2,5,3,?,4,3,3,3,3,3,3,1,2,1,1,2,1,3,5,4,1,1,1,1,1,4,4,3,2,3,1,1,3,3,1,2,2,3,2,1,2
0,6,0,7,2,?,?,7,0,4,1,5,5,4,3,5,4,4,5,4,2,5,2,3,1,2,1,4,5,2,4,3,1,1,1,4,3,4,5,1,1,2,1,3,1,1,5,5,5,5,1,5
0,2,0,3,2,?,?,7,0,4,4,4,5,5,4,4,4,4,4,4,3,4,4,3,3,3,3,3,5,4,5,4,4,4,3,5,4,5,3,?,2,5,5,5,5,5,5,4,4,4,3,4
1,6,1,7,2,?,?,7,0,2,2,2,5,5,4,4,5,4,4,3,4,4,?,2,1,1,2,?,4,4,5,1,1,2,?,3,1,3,4,3,1,2,2,4,4,4,1,3,3,4,2,2
1,4,1,5,2,?,?,7,0,2,3,4,5,5,5,4,4,4,4,4,2,4,3,3,2,4,5,4,5,3,4,3,1,3,3,4,1,5,2,4,3,3,4,4,4,4,3,4,4,5,1,1
1,5,0,4,2,?,?,6,0,3,3,1,5,4,3,4,4,3,4,4,3,1,3,3,1,1,1,2,3,4,4,1,1,1,2,1,1,3,1,4,5,2,1,3,3,3,3,1,2,4,1,1
0,2,1,35,2,?,?,1,0,4,5,5,5,5,4,5,4,4,4,3,1,2,?,?,5,2,4,3,4,2,4,4,1,4,5,5,1,1,3,4,?,5,5,?,?,?,?,5,5,5,2,1
1,6,1,5,2,?,?,4,0,4,2,3,3,5,4,2,5,2,5,3,4,3,4,2,1,3,2,3,5,5,5,1,2,2,4,3,4,4,4,3,3,3,3,3,3,3,3,?,4,1,1,?
0,6,1,19,2,?,?,1,0,3,2,3,4,4,3,4,1,3,3,3,5,2,1,3,1,1,4,4,4,3,5,1,1,2,2,2,2,2,2,4,4,1,2,5,3,5,4,3,3,4,1,1
0,2,1,15,2,?,?,2,0,3,3,5,5,4,3,4,4,3,3,3,4,3,?,4,3,3,2,3,4,3,4,2,2,4,2,4,2,2,1,2,?,3,3,2,2,2,2,3,5,5,1,1
0,5,1,26,2,?,?,1,0,2,3,3,4,4,2,5,5,4,4,3,5,2,2,3,1,2,4,4,5,4,5,1,1,2,2,3,1,1,2,4,4,2,2,?,3,4,2,2,4,4,1,2
0,6,0,20,2,?,?,7,0,5,4,5,5,5,4,3,5,4,4,3,3,4,4,3,3,4,4,5,5,5,5,4,4,5,5,5,4,5,3,4,3,5,5,4,4,3,4,4,4,5,1,4
0,6,1,1,2,?,?,?,1,4,5,4,5,5,5,5,5,5,5,5,1,5,5,4,5,2,2,3,4,4,5,4,4,5,5,3,1,3,1,4,2,5,5,5,5,5,5,5,5,5,2,5
0,4,1,10,2,?,?,2,0,4,4,5,5,4,3,4,4,4,4,4,4,4,3,3,3,4,4,4,5,4,5,4,2,4,4,4,1,2,2,4,4,4,4,4,4,3,3,4,5,5,1,2
1,1,0,3,2,?,?,?,0,3,3,3,5,5,3,4,5,3,2,3,4,2,1,2,1,2,2,3,4,3,5,1,1,2,4,4,1,2,2,3,3,2,2,1,4,2,2,3,4,3,1,1
1,6,0,2,2,?,?,7,0,3,3,3,5,5,5,3,2,3,4,4,3,3,4,2,1,1,2,2,3,4,4,3,3,1,1,3,1,3,1,3,3,3,2,4,2,2,4,2,3,3,1,1
0,1,1,18,2,?,?,7,0,3,3,3,3,3,3,2,3,3,3,2,5,3,3,3,1,3,3,3,3,3,5,1,1,1,1,3,3,3,1,3,2,2,2,3,3,3,3,2,3,3,1,3
1,1,1,3,2,?,?,7,0,2,2,3,4,4,?,3,3,3,4,3,3,3,3,?,1,2,2,3,4,5,5,2,1,3,3,2,1,2,1,3,2,2,2,3,3,4,4,2,4,4,1,1
1,6,1,30,2,?,?,1,0,3,3,3,4,4,5,3,3,2,2,2,2,3,3,4,1,2,4,3,3,4,5,1,1,1,1,3,1,1,3,5,3,2,2,2,1,2,2,2,2,1,1,2
0,4,0,5,2,?,?,?,0,4,4,5,5,5,4,4,4,5,5,5,3,5,2,2,2,3,4,4,5,5,5,4,2,4,4,5,3,4,3,3,2,4,4,4,4,4,5,5,5,5,4,5
0,6,1,37,2,?,?,2,0,5,5,5,4,4,3,5,3,4,4,4,5,4,3,3,2,3,3,3,4,4,5,2,3,4,3,5,1,2,1,3,1,3,3,5,5,5,5,4,5,5,1,3
0,4,0,1,2,?,?,5,0,3,3,4,5,4,3,4,3,3,3,2,3,2,2,3,5,2,4,4,5,5,5,1,3,4,4,3,2,3,2,2,3,4,4,4,5,4,4,3,4,4,1,2
0,3,1,4,2,?,?,7,0,2,2,3,5,3,4,5,5,4,4,2,4,3,3,3,1,3,4,3,5,5,4,3,1,3,3,3,4,2,4,4,3,2,2,3,5,4,3,3,5,5,3,1
0,3,1,31,2,?,?,7,0,3,4,3,4,3,2,4,4,2,3,3,4,3,3,3,2,2,3,3,2,3,4,2,1,3,3,3,1,1,1,4,3,3,3,4,4,4,4,2,2,2,1,1
1,6,1,22,2,?,?,2,1,4,3,4,5,5,3,4,4,4,4,4,2,4,3,3,2,3,4,4,4,4,4,1,1,2,2,4,1,1,1,4,3,3,3,4,4,4,4,4,3,4,1,1
1,2,1,15,2,?,?,2,0,4,3,4,4,5,3,4,4,2,3,3,4,3,2,2,1,2,3,2,3,?,5,1,1,1,1,3,1,1,1,2,2,2,2,3,3,4,4,3,3,1,1,1
1,3,1,20,2,?,?,2,0,3,3,3,5,5,4,4,4,3,3,3,4,3,3,4,1,3,4,4,4,4,4,2,1,2,2,4,1,1,1,2,1,2,4,3,3,2,1,1,4,4,1,1
0,6,1,25,2,?,?,2,1,5,5,5,5,5,5,5,5,5,5,4,2,4,?,?,4,?,5,?,5,5,5,4,2,3,3,5,1,2,4,1,1,3,3,1,2,4,4,5,5,5,2,1
1,5,1,20,2,?,?,4,0,4,2,3,5,4,3,4,4,4,4,3,2,4,3,3,3,2,4,4,4,4,4,2,2,3,3,3,1,1,4,2,3,3,4,4,4,5,4,3,4,3,1,1
0,5,1,14,2,?,?,2,0,4,4,4,5,4,5,4,4,4,4,3,5,4,2,2,1,3,4,3,5,5,5,1,2,5,2,4,3,1,1,3,1,4,4,3,3,1,1,3,5,5,4,4
0,6,1,15,2,?,?,2,0,4,4,3,4,4,?,5,5,4,4,3,5,4,1,?,1,3,4,2,5,5,5,2,1,2,2,5,3,3,5,2,1,1,2,2,1,2,3,3,4,5,1,1
1,6,0,5,2,?,?,7,0,2,2,2,5,5,?,2,2,2,3,4,1,2,2,?,1,3,5,3,5,5,5,1,1,1,1,2,1,2,2,4,?,2,2,2,2,2,2,2,2,2,1,1
0,6,0,15,2,?,?,7,0,3,3,4,4,4,2,4,4,4,4,4,2,3,3,3,2,3,2,3,4,5,5,2,2,2,2,4,3,4,2,3,3,2,2,2,2,2,2,4,4,4,2,2
1,3,0,1,2,?,?,7,0,4,4,3,5,5,3,5,5,3,4,3,3,3,3,3,3,2,2,2,4,5,5,1,3,4,4,4,2,2,3,3,3,4,4,4,4,4,4,3,4,4,1,3
1,6,1,11,2,?,?,2,0,5,5,5,5,5,3,5,5,5,5,5,1,5,3,3,1,3,2,3,5,5,5,5,2,5,4,5,2,1,5,3,1,3,3,5,5,5,5,5,5,5,2,5
1,6,1,5,2,?,?,6,0,3,3,3,5,4,3,5,2,3,4,1,4,2,3,3,1,1,5,3,5,5,5,2,2,2,2,4,1,2,2,2,2,2,2,4,4,3,4,4,5,4,1,1
0,4,0,24,2,?,?,7,0,1,4,4,5,4,4,2,5,4,4,3,4,5,5,5,2,4,5,4,5,5,5,4,1,4,4,4,1,1,3,5,4,4,4,5,3,5,5,5,5,5,2,5
1,6,0,1,2,?,?,5,0,1,2,3,5,4,3,4,5,3,4,2,5,3,2,2,1,2,3,2,4,4,4,2,1,2,2,2,1,3,3,3,3,2,2,5,4,3,5,2,4,5,1,1
1,1,1,22,2,?,?,2,0,3,3,3,5,5,4,2,3,3,4,3,2,3,2,4,1,1,3,1,3,4,5,2,1,1,1,2,1,4,2,3,4,2,3,4,1,2,3,3,4,4,1,1
0,2,0,12,2,?,?,7,?,5,5,5,4,4,3,5,5,3,4,4,4,5,1,2,1,5,5,5,5,5,5,3,4,5,5,5,5,5,5,3,1,5,5,2,2,1,1,4,5,5,4,5
0,6,1,25,2,?,?,2,1,3,3,4,4,3,2,3,3,4,5,2,3,3,4,5,2,1,2,1,5,5,5,3,1,5,4,5,1,5,5,5,5,3,3,4,3,5,3,3,5,5,1,5
0,3,1,37,2,?,?,1,1,3,3,4,4,4,3,4,4,3,4,3,3,2,2,2,2,3,4,4,4,3,3,3,1,1,1,3,1,1,1,4,4,3,3,4,2,2,1,3,4,4,1,3
0,4,1,25,2,?,?,2,1,5,5,5,5,5,5,5,5,5,5,4,2,5,5,5,5,3,3,5,5,5,5,5,3,5,5,5,4,3,5,4,1,5,5,5,4,4,5,5,5,5,4,3
1,1,1,39,2,?,?,2,0,4,3,4,4,4,1,3,3,3,3,3,3,3,?,?,4,3,3,3,4,4,?,4,3,4,4,3,1,1,1,3,3,3,3,?,?,?,3,4,4,4,1,1
0,2,0,3,2,?,?,7,0,3,3,3,5,4,4,3,3,3,3,2,4,2,2,3,1,4,4,3,3,4,4,2,2,1,1,2,4,5,2,4,3,2,2,2,2,2,2,3,3,3,2,3
0,1,1,18,2,?,?,2,0,3,3,3,5,4,3,3,4,3,3,3,3,3,3,3,1,3,3,3,3,4,4,1,1,1,1,4,1,2,2,4,4,3,3,?,4,4,4,3,4,2,1,1
1,1,1,12,2,?,?,4,0,2,2,?,5,3,3,4,4,2,2,2,4,2,2,1,1,1,3,1,4,5,5,1,1,1,1,1,3,4,4,4,3,1,1,1,2,1,1,1,1,3,2,3
1,6,0,1,2,?,?,5,1,3,4,5,5,5,3,5,4,4,5,4,4,4,3,2,5,2,3,3,5,5,5,5,3,5,4,5,3,5,4,2,2,5,5,5,5,5,5,5,5,5,3,5
0,6,1,20,2,?,?,2,0,3,3,3,5,4,3,4,4,3,3,2,4,2,3,2,1,2,2,1,4,5,5,2,2,2,1,3,1,1,2,4,1,2,3,4,4,4,5,5,5,5,1,3
1,1,0,20,2,?,?,7,0,4,4,5,5,5,3,3,3,4,4,4,4,4,3,3,1,2,3,?,5,5,5,2,1,3,?,4,1,3,1,3,2,3,4,3,3,2,2,3,5,5,1,1
1,6,0,5,2,?,?,5,0,2,2,3,4,4,4,2,3,3,3,2,2,3,4,3,1,2,4,2,4,4,4,1,1,2,3,2,2,4,4,2,3,2,2,5,3,3,5,3,3,5,1,2
1,6,1,20,2,?,?,6,0,3,3,3,5,4,3,3,3,4,4,4,4,3,4,?,1,?,4,?,5,5,5,1,3,1,2,4,3,2,4,5,3,2,2,2,2,?,?,2,2,5,4,2
0,6,0,5,2,?,?,7,1,3,1,2,4,3,5,3,3,1,2,2,5,3,1,5,1,2,5,3,5,5,4,1,1,2,1,2,3,1,4,2,2,1,1,1,1,1,1,2,3,4,4,4
1,2,1,?,2,?,?,2,0,3,4,4,5,4,?,4,4,4,4,4,?,?,?,?,1,2,4,2,4,5,5,2,1,3,3,4,1,2,4,4,?,?,?,4,?,4,?,4,4,4,1,1
1,2,1,15,2,?,?,2,0,4,4,4,4,4,4,4,4,4,4,4,2,4,3,3,3,3,3,3,3,3,2,2,3,4,4,3,4,4,3,3,3,3,3,3,3,3,3,4,4,4,1,3
0,3,1,30,2,?,?,7,0,4,3,4,5,3,?,?,4,2,2,2,4,3,4,?,2,2,3,?,5,4,3,2,1,2,2,4,2,1,2,?,?,?,?,5,4,4,3,2,3,3,1,1
0,4,1,7,2,?,?,4,0,3,3,4,5,4,?,5,4,4,4,3,4,5,?,?,1,4,5,5,4,5,5,5,1,4,2,5,1,3,3,4,4,5,4,4,4,4,4,5,5,2,1,1
0,2,1,20,2,?,?,1,0,3,3,4,4,4,2,4,4,3,4,3,2,3,2,2,2,2,4,3,4,2,4,3,1,3,3,3,2,1,3,4,3,3,3,3,3,3,2,4,4,4,1,1
1,6,1,18,2,?,?,1,0,5,5,5,5,5,3,5,5,4,3,3,2,3,3,3,2,3,3,3,3,3,3,?,?,5,5,5,1,2,1,?,?,?,?,?,?,?,?,?,?,?,?,?
0,3,0,1,2,?,?,7,1,4,4,4,4,3,4,4,4,3,3,3,3,3,3,3,1,3,3,3,5,4,4,2,2,4,4,3,3,3,3,3,2,3,3,3,2,3,2,3,4,4,3,1
1,6,1,13,2,?,?,2,0,1,4,4,4,4,1,4,4,4,4,4,5,4,1,2,4,2,2,1,5,5,5,2,1,3,3,5,5,5,5,3,3,3,4,1,1,1,1,4,4,4,1,2
1,6,1,21,2,?,?,6,0,2,2,3,5,3,?,1,2,3,3,3,3,2,?,?,1,2,3,2,5,5,5,1,1,1,1,3,1,3,1,3,3,1,1,4,4,3,1,1,3,1,1,1
1,3,1,12,2,?,?,2,0,1,1,2,4,4,3,1,3,2,2,2,4,2,3,3,1,1,3,?,2,4,3,1,1,1,1,1,1,2,1,3,3,1,1,3,3,2,1,1,1,3,1,1
1,3,0,3,2,?,?,7,0,3,3,2,5,3,3,1,2,3,3,3,3,3,3,3,1,3,3,3,3,3,3,1,1,1,1,3,2,3,1,3,3,1,1,1,1,1,1,2,1,2,1,1
0,4,0,1,2,?,?,6,1,4,4,4,5,5,4,5,5,4,5,2,5,4,5,2,1,2,4,5,5,3,5,5,5,4,5,5,3,4,1,5,3,5,5,4,5,2,4,5,5,5,4,5
0,1,0,2,2,?,?,7,0,1,1,2,4,3,4,3,2,1,1,2,5,1,2,2,1,3,2,1,4,5,3,1,1,1,1,1,1,2,2,4,4,1,1,3,2,2,3,2,3,3,3,1
0,1,1,8,2,?,?,?,0,1,1,1,5,5,4,2,1,1,3,1,1,1,1,1,1,2,2,2,3,1,1,1,1,1,1,1,1,5,1,3,1,1,1,1,1,1,1,1,2,3,1,1
0,2,1,25,2,?,?,2,0,4,4,4,5,5,?,5,5,4,4,4,4,4,5,3,1,4,5,3,5,4,5,3,4,4,4,5,5,4,2,5,4,5,5,5,5,5,5,4,5,5,1,1
1,6,1,11,2,?,?,7,0,2,2,3,4,3,3,4,4,2,1,1,5,3,2,2,1,3,4,4,5,5,5,2,1,2,1,2,2,1,4,3,2,2,1,4,2,2,3,2,4,4,1,5
1,5,0,4,2,?,?,6,0,3,2,3,5,4,4,4,4,3,4,2,5,2,2,3,1,1,2,1,3,3,3,1,1,1,1,2,1,3,1,2,2,1,2,2,2,2,3,1,2,3,1,1
0,6,1,15,2,?,?,2,1,4,4,5,5,4,3,5,?,4,5,4,?,4,2,2,5,3,2,3,5,5,5,3,2,5,5,5,5,5,5,4,2,5,5,4,2,4,5,4,5,4,2,1
0,4,0,5,2,?,?,5,0,4,3,4,5,4,3,5,4,4,4,3,3,4,3,3,1,4,4,5,5,3,4,3,1,4,4,4,1,1,2,2,4,4,3,3,3,3,2,4,4,5,1,1
0,2,1,35,2,?,?,2,0,4,4,5,5,5,5,4,3,3,3,3,2,4,4,5,1,3,3,4,5,5,5,1,3,?,4,5,1,1,4,5,?,4,4,4,3,2,3,4,4,5,5,1
0,1,0,2,2,?,?,5,1,2,4,3,5,5,4,5,5,3,4,3,5,2,3,3,1,1,5,4,5,5,5,2,1,4,4,3,4,5,5,2,1,3,4,4,4,4,3,3,3,5,1,2
0,6,0,10,2,?,?,7,0,3,3,3,5,5,4,4,3,4,4,4,3,3,3,3,3,4,4,2,3,3,5,3,2,3,3,2,2,4,3,5,4,4,4,3,4,4,3,4,5,5,3,2
0,6,0,1,2,?,?,4,0,3,3,5,5,5,4,5,3,5,4,4,1,4,2,3,2,2,4,3,4,4,5,4,2,4,4,4,1,4,4,4,4,5,5,3,3,3,3,4,5,5,1,1
1,3,1,15,2,?,?,2,0,3,4,4,5,4,?,4,4,4,3,4,2,3,3,?,1,1,1,3,4,4,4,3,2,2,1,3,1,1,1,3,1,2,1,4,?,5,5,1,4,5,1,3
0,4,0,3,2,?,?,5,0,4,4,4,5,2,3,5,4,3,4,4,5,4,4,3,2,1,2,2,5,5,5,3,4,4,3,4,2,5,4,5,3,4,5,3,4,2,5,3,5,4,2,2
1,6,1,20,2,?,?,2,0,2,2,2,5,4,3,3,3,2,2,2,4,2,2,3,1,1,3,1,3,3,3,1,1,1,1,2,1,2,3,3,3,1,1,1,1,1,1,1,1,1,1,1
0,4,1,15,2,?,?,2,1,5,5,5,5,5,4,5,5,4,5,4,2,4,3,4,4,4,4,4,5,5,5,4,2,5,3,5,2,2,3,2,2,4,4,3,3,3,3,4,5,5,2,5
0,3,1,2,2,?,?,7,0,5,5,5,5,5,4,5,5,3,4,3,4,4,3,3,5,2,4,5,5,5,5,5,3,5,4,5,1,?,1,2,2,4,5,5,3,2,4,4,5,2,1,1
0,2,0,0,2,?,?,4,1,5,5,5,5,5,4,5,5,5,5,5,1,5,4,4,3,5,4,4,5,5,5,5,5,5,5,5,3,4,2,2,3,5,5,5,3,5,5,5,5,5,2,5
0,3,1,12,2,?,?,2,0,3,3,3,4,4,?,3,4,4,4,4,3,?,?,?,2,?,3,4,4,3,4,3,1,?,?,5,1,1,1,4,4,?,?,?,4,?,?,3,3,3,1,2
0,6,1,20,2,?,?,3,0,2,3,3,4,4,4,4,4,2,2,2,3,2,2,2,2,2,2,2,3,4,4,2,1,2,2,3,2,2,2,4,3,2,2,3,4,4,3,3,3,3,1,2
0,6,1,20,2,?,?,2,0,4,4,5,5,4,4,4,5,4,3,3,4,2,4,3,1,1,1,3,?,5,5,2,1,4,4,5,1,5,5,4,4,4,4,4,4,5,5,5,5,5,1,1
1,6,1,10,2,?,?,4,0,3,4,4,5,4,4,4,4,3,4,1,3,3,2,4,1,3,4,4,5,5,5,3,1,1,2,3,1,3,1,2,1,1,1,5,5,3,4,4,4,5,1,1
0,6,0,24,2,?,?,7,0,2,2,2,4,3,4,4,4,3,3,2,4,3,2,3,2,2,4,2,4,4,4,2,1,2,2,2,2,2,2,3,3,2,2,3,2,3,4,4,4,?,2,2
0,6,0,18,2,?,?,7,1,5,5,5,5,5,5,5,5,5,5,5,3,5,4,2,5,3,3,3,5,5,5,4,3,5,3,5,5,5,4,3,2,5,5,5,5,4,4,5,5,5,3,4
1,1,1,6,2,?,?,7,0,5,4,4,5,5,?,5,5,4,5,3,2,4,?,?,1,1,2,1,4,5,5,2,1,4,4,4,2,2,3,1,1,4,2,4,3,4,4,5,5,5,1,2
0,6,1,21,2,?,?,2,0,2,2,3,4,4,?,3,3,3,2,2,4,3,2,?,1,1,2,?,4,3,5,1,1,1,2,2,3,2,1,4,2,1,1,3,4,3,5,4,5,4,1,1
0,6,1,1,2,?,?,7,0,?,?,?,5,3,3,4,3,2,2,?,?,?,2,?,1,?,?,?,?,1,?,1,1,1,1,1,1,1,1,?,?,?,?,?,?,?,?,1,1,2,1,1
1,6,1,19,2,?,?,7,0,2,3,2,4,3,3,2,2,3,4,4,3,4,1,1,1,1,3,2,5,2,3,1,1,1,1,2,1,1,3,2,2,1,1,1,1,1,1,2,2,3,1,1
0,5,1,21,2,?,?,2,0,3,3,3,5,5,2,4,5,3,3,4,5,2,2,2,1,2,2,2,3,3,4,?,?,2,2,2,1,2,1,5,4,2,2,2,2,2,2,?,?,?,?,?
0,6,0,25,2,?,?,6,0,3,3,4,5,4,3,4,4,4,4,4,3,3,2,3,3,2,?,2,?,4,5,3,2,3,3,5,2,2,4,3,3,4,4,4,3,3,4,4,4,4,1,1
0,5,1,9,2,?,?,4,0,3,3,3,5,4,3,3,4,3,3,2,5,2,2,4,1,1,2,?,4,5,4,3,1,1,1,3,5,5,3,3,1,2,2,5,4,3,?,5,5,5,4,1
0,3,1,10,2,?,?,2,0,3,3,5,5,4,2,4,4,4,4,3,2,5,3,2,5,4,5,4,5,5,5,3,1,5,5,?,1,2,4,4,2,5,5,1,5,2,2,4,4,2,1,1
1,3,1,12,2,?,?,2,0,3,4,3,5,5,?,4,4,3,3,3,2,3,2,3,1,3,5,4,4,4,4,2,1,3,3,3,1,1,4,4,4,3,3,3,?,3,3,2,3,3,1,1
